cc_code,file,row,kind,category,account_code,description,reference_fx,formulas,values_vnd
1412000004,01.KDTVN 機器製造1課　_MP FY2027_各予定(Ver01).xlsx,133,interest,,9114120007,固定資産金利 (建物+土地),26273.0,"[249671268, 236812999, 232187112, 236280445, 241724211, 241721058, 236257588, 239553273, 240079521, 242989781, 256300209, 239246142]","[249671268.0, 236812999.0, 232187112.0, 236280445.0, 241724211.0, 241721058.0, 236257588.0, 239553273.0, 240079521.0, 242989781.0, 256300209.0, 239246142.0]"
1412000005,02.KDTVN 機器製造２課　_MP FY2027_各予定(Ver01).xlsx,130,interest,,9114120007,固定資産金利 (建物+土地),26273.0,"[338865213, 322905154, 323958176, 324324947, 323599549, 323698598, 323367821, 322842099, 320790965, 322270924, 327317704, 321465919]","[338865213.0, 322905154.0, 323958176.0, 324324947.0, 323599549.0, 323698598.0, 323367821.0, 322842099.0, 320790965.0, 322270924.0, 327317704.0, 321465919.0]"
1412000062,03.KDTVN 機器製造管理課_MP FY2027_各予定(Ver01).xlsx,42,interest,,9114120007,固定資産金利 建物,,"[4129327, 3989818, 4233631, 3990606, 3823510, 3890769, 4005319, 3956714, 3925712, 3805119, 3519268, 3898388]","[4129327.0, 3989818.0, 4233631.0, 3990606.0, 3823510.0, 3890769.0, 4005319.0, 3956714.0, 3925712.0, 3805119.0, 3519268.0, 3898388.0]"
1412000062,03.KDTVN 機器製造管理課_MP FY2027_各予定(Ver01).xlsx,43,interest,,9114120007,固定資産金利 土地,,"[523621, 519943, 551733, 519943, 498136, 507069, 522045, 515476, 511535, 495772, 458727, 508120]","[523621.0, 519943.0, 551733.0, 519943.0, 498136.0, 507069.0, 522045.0, 515476.0, 511535.0, 495772.0, 458727.0, 508120.0]"
1412000034,04.KDTVN トナー製造課_MP FY2027_各予定(Ver01).xlsx,38,interest,,9114120007, 固定資材金利 (T11/2026) Lãi suất TSCĐ,26273.0,"[""=ROUND($B$2*(3235.83-41.16-145.62-16.78),0)"", ""=ROUND($B$2*2100.37,0)"", ""=ROUND($B$2*2099.14,0)"", ""=ROUND($B$2*2098.5,0)"", ""=ROUND($B$2*2084.1,0)"", ""=ROUND($B$2*2068.51,0)"", ""=ROUND($B$2*2066.76,0)"", ""=ROUND($B$2*2065.72,0)"", ""=ROUND($B$2*2059.02,0)"", ""=ROUND($B$2*2051.99,0)"", ""=ROUND($B$2*2044.96,0)"", ""=ROUND($B$2*2037.93,0)""]","[79666830.0, 55183021.0, 55150705.0, 55133891.0, 54755559.0, 54345963.0, 54299985.0, 54272662.0, 54096632.0, 53911933.0, 53727234.0, 53542535.0]"
1412000034,04.KDTVN トナー製造課_MP FY2027_各予定(Ver01).xlsx,54,interest,,9114120007,建物金利Lãi suất nhà xưởng (T5/2019~)　,26273.0,"[""=ROUND(6180.47*$B$2,0)"", ""=ROUND($B$2*5868.57,0)"", ""=ROUND($B$2*5949.28,0)"", ""=ROUND($B$2*5872.83,0)"", ""=ROUND($B$2*5835.32,0)"", ""=ROUND($B$2*5858.63,0)"", ""=ROUND($B$2*5947.58,0)"", ""=ROUND($B$2*5929.29,0)"", ""=ROUND($B$2*5917.57,0)"", ""=ROUND($B$2*5872.09,0)"", ""=ROUND($B$2*5764.43,0)"", ""=ROUND($B$2*5907.29,0)""]","[162379488.0, 154184940.0, 156305433.0, 154296863.0, 153311362.0, 153923786.0, 156260769.0, 155780236.0, 155472317.0, 154277421.0, 151448869.0, 155202230.0]"
1412000034,04.KDTVN トナー製造課_MP FY2027_各予定(Ver01).xlsx,55,interest,,9114120007,土地金利Lãi suất đất (T5/2019~),26273.0,"[""=ROUND(783.62*$B$2,0)"", ""=ROUND($B$2*764.72,0)"", ""=ROUND($B$2*775.24,0)"", ""=ROUND($B$2*765.28,0)"", ""=ROUND($B$2*760.39,0)"", ""=ROUND($B$2*763.43,0)"", ""=ROUND($B$2*775.02,0)"", ""=ROUND($B$2*772.63,0)"", ""=ROUND($B$2*771.11,0)"", ""=ROUND($B$2*765.18,0)"", ""=ROUND($B$2*751.15,0)"", ""=ROUND($B$2*769.77,0)""]","[20588048.0, 20091489.0, 20367881.0, 20106201.0, 19977726.0, 20057596.0, 20362100.0, 20299308.0, 20259373.0, 20103574.0, 19734964.0, 20224167.0]"
1412000048,05.KDTVN トナー生産技術課_MP FY2027_各予定(Ver01).xlsx,43,interest,,9114120007,Lãi suất nhà xưởng  建物金利,26273.0,"[""=ROUND(194.96*$B$2,0)"", ""=ROUND(186.84*$B$2,0)"", ""=ROUND(194.26*$B$2,0)"", ""=ROUND(186.86*$B$2,0)"", ""=ROUND(181.77*$B$2,0)"", ""=ROUND(183.82*$B$2,0)"", ""=ROUND(187.31*$B$2,0)"", ""=ROUND(185.83*$B$2,0)"", ""=ROUND(184.89*$B$2,0)"", ""=ROUND(181.21*$B$2,0)"", ""=ROUND(172.51*$B$2,0)"", ""=ROUND(184.06*$B$2,0)""]","[5122184.0, 4908847.0, 5103793.0, 4909373.0, 4775643.0, 4829503.0, 4921196.0, 4882312.0, 4857615.0, 4760930.0, 4532355.0, 4835808.0]"
1412000048,05.KDTVN トナー生産技術課_MP FY2027_各予定(Ver01).xlsx,44,interest,,9114120007,Lãi suất đất 土地金利,26273.0,"[""=ROUND(24.72*$B$2,0)"", ""=ROUND(24.35*$B$2,0)"", ""=ROUND(25.31*$B$2,0)"", ""=ROUND(24.35*$B$2,0)"", ""=ROUND(23.69*$B$2,0)"", ""=ROUND(23.95*$B$2,0)"", ""=ROUND(24.41*$B$2,0)"", ""=ROUND(24.22*$B$2,0)"", ""=ROUND(24.09*$B$2,0)"", ""=ROUND(23.61*$B$2,0)"", ""=ROUND(22.48*$B$2,0)"", ""=ROUND(23.98*$B$2,0)""]","[649469.0, 639748.0, 664970.0, 639748.0, 622407.0, 629238.0, 641324.0, 636332.0, 632917.0, 620306.0, 590617.0, 630027.0]"
1412000055,06.KDTVN トナー品質管理課　_MP FY2027_各予定(Ver01).xlsx,43,interest,,9114120007,Lãi suất nhà xưởng  建物金利,26273.0,"[""=ROUND(130*$B$2,0)"", ""=ROUND(125.4*$B$2,0)"", ""=ROUND(132.51*$B$2,0)"", ""=ROUND(125.42*$B$2,0)"", ""=ROUND(122.37*$B$2,0)"", ""=ROUND(124.41*$B$2,0)"", ""=ROUND(127.9*$B$2,0)"", ""=ROUND(126.43*$B$2,0)"", ""=ROUND(125.48*$B$2,0)"", ""=ROUND(121.8*$B$2,0)"", ""=ROUND(113.1*$B$2,0)"", ""=ROUND(124.65*$B$2,0)""]","[3415490.0, 3294634.0, 3481435.0, 3295160.0, 3215027.0, 3268624.0, 3360317.0, 3321695.0, 3296736.0, 3200051.0, 2971476.0, 3274929.0]"
1412000055,06.KDTVN トナー品質管理課　_MP FY2027_各予定(Ver01).xlsx,44,interest,,9114120007,Lãi suất đất 土地金利,26273.0,"[""=ROUND(16.48*$B$2,0)"", ""=ROUND(16.34*$B$2,0)"", ""=ROUND(17.27*$B$2,0)"", ""=ROUND(16.34*$B$2,0)"", ""=ROUND(15.95*$B$2,0)"", ""=ROUND(16.21*$B$2,0)"", ""=ROUND(16.67*$B$2,0)"", ""=ROUND(16.47*$B$2,0)"", ""=ROUND(16.35*$B$2,0)"", ""=ROUND(15.87*$B$2,0)"", ""=ROUND(14.74*$B$2,0)"", ""=ROUND(16.24*$B$2,0)""]","[432979.0, 429301.0, 453735.0, 429301.0, 419054.0, 425885.0, 437971.0, 432716.0, 429564.0, 416953.0, 387264.0, 426674.0]"
1412000050,07.KDTVN MD1課_MP FY2027_各予定(Ver01).xlsx,40,interest,,9114120007,固定資産金利　建物,26273.0,"[2104020, 2104020, 2104020, 2104020, 2104020, 2104020, 2104020, 2104020, 2104020, 2104020, 2104020, 2104020]","[2104020.0, 2104020.0, 2104020.0, 2104020.0, 2104020.0, 2104020.0, 2104020.0, 2104020.0, 2104020.0, 2104020.0, 2104020.0, 2104020.0]"
1412000050,07.KDTVN MD1課_MP FY2027_各予定(Ver01).xlsx,41,interest,,9114120007,固定資産金利　土地使用権,26273.0,"[266763, 266763, 266763, 266763, 266763, 266763, 266763, 266763, 266763, 266763, 266763, 266763]","[266763.0, 266763.0, 266763.0, 266763.0, 266763.0, 266763.0, 266763.0, 266763.0, 266763.0, 266763.0, 266763.0, 266763.0]"
1412000077,08.KDTVN MD2課_MP FY2027_各予定(Ver01).xlsx,41,interest,,9114120007,固定資産金利　建物,26273.0,"[3005630, 3005630, 3005630, 3005630, 3005630, 3005630, 3005630, 3005630, 3005630, 3005630, 3005630, 3005630]","[3005630.0, 3005630.0, 3005630.0, 3005630.0, 3005630.0, 3005630.0, 3005630.0, 3005630.0, 3005630.0, 3005630.0, 3005630.0, 3005630.0]"
1412000077,08.KDTVN MD2課_MP FY2027_各予定(Ver01).xlsx,42,interest,,9114120007,固定資産金利　土地使用権,26273.0,"[381014, 381014, 381014, 381014, 381014, 381014, 381014, 381014, 381014, 381014, 381014, 381014]","[381014.0, 381014.0, 381014.0, 381014.0, 381014.0, 381014.0, 381014.0, 381014.0, 381014.0, 381014.0, 381014.0, 381014.0]"
1412000053,09.KDTVN 工程品質管理1課_MP FY2027_各予定(Ver01).xlsx,41,interest,,9114120007,固定資産金利/Interest (建物Building) Lãi TSCĐ ( Xây dựng),26273.0,"[""=ROUND(D1*331.11,0)"", ""=ROUND(D1*313.71,0)"", ""=ROUND(D1*320.86,0)"", ""=ROUND(D1*326.42,0)"", ""=ROUND(D1*319.92,0)"", ""=ROUND(D1*321.55,0)"", ""=ROUND(D1*332.3,0)"", ""=ROUND(D1*329.07,0)"", ""=ROUND(D1*328.11,0)"", ""=ROUND(D1*323.78,0)"", ""=ROUND(D1*308.74,0)"", ""=ROUND(D1*328.43,0)""]","[8699253.0, 8242103.0, 8429955.0, 8576033.0, 8405258.0, 8448083.0, 8730518.0, 8645656.0, 8620434.0, 8506672.0, 8111526.0, 8628841.0]"
1412000053,09.KDTVN 工程品質管理1課_MP FY2027_各予定(Ver01).xlsx,42,interest,,9114120007,固定資産金利 /Interest(土地 Land) Lãi TSCĐ ( Đất),26273.0,"[""=ROUND(D1*41.98,0)"", ""=ROUND(D1*40.88,0)"", ""=ROUND(D1*41.81,0)"", ""=ROUND(D1*42.53,0)"", ""=ROUND(D1*41.69,0)"", ""=ROUND(D1*41.9,0)"", ""=ROUND(D1*43.3,0)"", ""=ROUND(D1*42.88,0)"", ""=ROUND(D1*42.76,0)"", ""=ROUND(D1*42.19,0)"", ""=ROUND(D1*40.23,0)"", ""=ROUND(D1*42.8,0)""]","[1102941.0, 1074040.0, 1098474.0, 1117391.0, 1095321.0, 1100839.0, 1137621.0, 1126586.0, 1123433.0, 1108458.0, 1056963.0, 1124484.0]"
1412000008,10.KDTVN 生産管理課_MP FY2027_各予定(Ver01).xlsx,37,interest,,9114120007,建物 Building (lãi),26273.0,"[""=ROUND($B$2*Z$37,0)"", ""=ROUND($B$2*AA$37,0)"", ""=ROUND($B$2*AB$37,0)"", ""=ROUND($B$2*AC$37,0)"", ""=ROUND($B$2*AD$37,0)"", ""=ROUND($B$2*AE$37,0)"", ""=ROUND($B$2*AF$37,0)"", ""=ROUND($B$2*AG$37,0)"", ""=ROUND($B$2*AH$37,0)"", ""=ROUND($B$2*AI$37,0)"", ""=ROUND($B$2*AJ$37,0)"", ""=ROUND($B$2*AK$37,0)""]","[1393520.0, 1336508.0, 1417691.0, 1336508.0, 1281071.0, 1303404.0, 1341499.0, 1325473.0, 1314964.0, 1274766.0, 1179658.0, 1306031.0]"
1412000008,10.KDTVN 生産管理課_MP FY2027_各予定(Ver01).xlsx,38,interest,,9114120007,土地 Land (lãi),26273.0,"[""=ROUND($B$2*Z$38,0)"", ""=ROUND($B$2*AA$38,0)"", ""=ROUND($B$2*AB$38,0)"", ""=ROUND($B$2*AC$38,0)"", ""=ROUND($B$2*AD$38,0)"", ""=ROUND($B$2*AE$38,0)"", ""=ROUND($B$2*AF$38,0)"", ""=ROUND($B$2*AG$38,0)"", ""=ROUND($B$2*AH$38,0)"", ""=ROUND($B$2*AI$38,0)"", ""=ROUND($B$2*AJ$38,0)"", ""=ROUND($B$2*AK$38,0)""]","[176555.0, 174190.0, 184699.0, 174190.0, 166834.0, 169724.0, 174715.0, 172614.0, 171300.0, 166045.0, 153697.0, 170249.0]"
1412000008,10.KDTVN 生産管理課_MP FY2027_各予定(Ver01).xlsx,77,interest,,9114120007,固定資産金利/lãi tài sản cố định,26273.0,"[null, null, null, null, null, null, null, null, null, null, null, null]","[null, null, null, null, null, null, null, null, null, null, null, null]"
1412000010,11.KDTVN 採算管理課_MP FY2027_各予定(Ver01).xlsx,41,interest,,9114120007,固定資産金利（建物）,26273.0,"[""=ROUND(V41*$B$2,0)"", ""=ROUND(W41*$B$2,0)"", ""=ROUND(X41*$B$2,0)"", ""=ROUND(Y41*$B$2,0)"", ""=ROUND(Z41*$B$2,0)"", ""=ROUND(AA41*$B$2,0)"", ""=ROUND(AB41*$B$2,0)"", ""=ROUND(AC41*$B$2,0)"", ""=ROUND(AD41*$B$2,0)"", ""=ROUND(AE41*$B$2,0)"", ""=ROUND(AF41*$B$2,0)"", ""=ROUND(AG41*$B$2,0)""]","[836007.0, 801852.0, 850720.0, 801852.0, 768485.0, 782147.0, 805005.0, 795284.0, 788978.0, 764807.0, 707795.0, 783461.0]"
1412000010,11.KDTVN 採算管理課_MP FY2027_各予定(Ver01).xlsx,42,interest,,9114120007,固定資産金利（土地）,26273.0,"[""=ROUND(V42*$B$2,0)"", ""=ROUND(W42*$B$2,0)"", ""=ROUND(X42*$B$2,0)"", ""=ROUND(Y42*$B$2,0)"", ""=ROUND(Z42*$B$2,0)"", ""=ROUND(AA42*$B$2,0)"", ""=ROUND(AB42*$B$2,0)"", ""=ROUND(AC42*$B$2,0)"", ""=ROUND(AD42*$B$2,0)"", ""=ROUND(AE42*$B$2,0)"", ""=ROUND(AF42*$B$2,0)"", ""=ROUND(AG42*$B$2,0)""]","[105880.0, 104567.0, 110872.0, 104567.0, 100100.0, 101939.0, 104829.0, 103516.0, 102727.0, 99575.0, 92218.0, 102202.0]"
1412000054,12.KDTVN マスター管理課_MP FY2027_各予定(Ver01).xlsx,58,interest,,9114120007,"建物　金利  Lãi suất vp, tòa nhà",26273.0,"[""=ROUND((U58*$B$2),0)"", ""=ROUND((V58*$B$2),0)"", ""=ROUND((W58*$B$2),0)"", ""=ROUND((X58*$B$2),0)"", ""=ROUND((Y58*$B$2),0)"", ""=ROUND((Z58*$B$2),0)"", ""=ROUND((AA58*$B$2),0)"", ""=ROUND((AB58*$B$2),0)"", ""=ROUND((AC58*$B$2),0)"", ""=ROUND((AD58*$B$2),0)"", ""=ROUND((AE58*$B$2),0)"", ""=ROUND((AF58*$B$2),0)""]","[1950770.0, 1870900.0, 1984662.0, 1871163.0, 1793395.0, 1824660.0, 1878257.0, 1855662.0, 1840949.0, 1784725.0, 1651521.0, 1828338.0]"
1412000054,12.KDTVN マスター管理課_MP FY2027_各予定(Ver01).xlsx,59,interest,,9114120007,土地　金利  Lãi suất đất,26273.0,"[""=ROUND((U59*$B$2),0)"", ""=ROUND((V59*$B$2),0)"", ""=ROUND((W59*$B$2),0)"", ""=ROUND((X59*$B$2),0)"", ""=ROUND((Y59*$B$2),0)"", ""=ROUND((Z59*$B$2),0)"", ""=ROUND((AA59*$B$2),0)"", ""=ROUND((AB59*$B$2),0)"", ""=ROUND((AC59*$B$2),0)"", ""=ROUND((AD59*$B$2),0)"", ""=ROUND((AE59*$B$2),0)"", ""=ROUND((AF59*$B$2),0)""]","[247229.0, 243813.0, 258526.0, 243813.0, 233567.0, 237771.0, 244864.0, 241712.0, 239872.0, 232516.0, 215176.0, 238296.0]"
1412000036,13.KDTVN 部品管理1課_MP FY2027_各予定(Ver01).xlsx,53,interest,,9114120007,lãi nhà xưởng,26273.0,"[517634062, 488639967, 489129696, 488580065, 487670494, 487659196, 488044621, 487775323, 487729608, 487484218, 486355267, 487758245]","[517634062.0, 488639967.0, 489129696.0, 488580065.0, 487670494.0, 487659196.0, 488044621.0, 487775323.0, 487729608.0, 487484218.0, 486355267.0, 487758245.0]"
1412000036,13.KDTVN 部品管理1課_MP FY2027_各予定(Ver01).xlsx,54,interest,,9114120007,lãi đất,26273.0,"[65630743, 63673667, 63737510, 63665785, 63547294, 63545717, 63596162, 63560956, 63554913, 63523123, 63375994, 63558591]","[65630743.0, 63673667.0, 63737510.0, 63665785.0, 63547294.0, 63545717.0, 63596162.0, 63560956.0, 63554913.0, 63523123.0, 63375994.0, 63558591.0]"
1412000036,13.KDTVN 部品管理1課_MP FY2027_各予定(Ver01).xlsx,61,interest,,9114120007,Lãi KH xe nâng tay điện ( 1 xe),26273.0,"[119804, 97210, 97210, 97210, 97210, 97210, 97210, 97210, 97210, 97210, 97210, 97210]","[119804.0, 97210.0, 97210.0, 97210.0, 97210.0, 97210.0, 97210.0, 97210.0, 97210.0, 97210.0, 97210.0, 97210.0]"
1412000036,13.KDTVN 部品管理1課_MP FY2027_各予定(Ver01).xlsx,62,interest,,9114120007,Lãi KH xe nâng tay điện ( 2 xe) 10.2025,26273.0,"[233829, 214387, 214387, 214387, 214387, 214387, 214387, 214387, 214387, 214387, 214387, 214387]","[233829.0, 214387.0, 214387.0, 214387.0, 214387.0, 214387.0, 214387.0, 214387.0, 214387.0, 214387.0, 214387.0, 214387.0]"
1412000036,13.KDTVN 部品管理1課_MP FY2027_各予定(Ver01).xlsx,63,interest,,9114120007,Lãi KH xe nâng tay điện SP (4 xe T12.25),26273.0,"[0, 386738, 386738, 386738, 386738, 386738, 386738, 386738, 386738, 386738, 386738, 386738]","[0.0, 386738.0, 386738.0, 386738.0, 386738.0, 386738.0, 386738.0, 386738.0, 386738.0, 386738.0, 386738.0, 386738.0]"
1412000036,13.KDTVN 部品管理1課_MP FY2027_各予定(Ver01).xlsx,64,interest,,9114120007,Lãi KH xe nâng tay điện SP (1 xe T12.25),26273.0,"[0, 90116, 90116, 90116, 90116, 90116, 90116, 90116, 90116, 90116, 90116, 90116]","[0.0, 90116.0, 90116.0, 90116.0, 90116.0, 90116.0, 90116.0, 90116.0, 90116.0, 90116.0, 90116.0, 90116.0]"
1412000006,14.KDTVN メカ製造技術1課_MP FY2027_各予定(Ver01).xlsx,50,interest,,9114120007,固定資産金利（建物）人数は先月の１日現在の人数と使用面積に基づく,26273.0,"[""=ROUND(156.9*$B2,0)"", ""=ROUND(148.89*$B2,0)"", ""=ROUND(172.13*$B2,0)"", ""=ROUND(167.32*$B2,0)"", ""=ROUND(161.6*$B2,0)"", ""=ROUND(163.9*$B2,0)"", ""=ROUND(167.83*$B2,0)"", ""=ROUND(166.17*$B2,0)"", ""=ROUND(165.1*$B2,0)"", ""=ROUND(164.77*$B2,0)"", ""=ROUND(154.62*$B2,0)"", ""=ROUND(168.09*$B2,0)""]","[null, null, null, null, null, null, null, null, null, null, null, null]"
1412000006,14.KDTVN メカ製造技術1課_MP FY2027_各予定(Ver01).xlsx,51,interest,,9114120007,固定資産金利（土地）人数は先月の１日現在の人数と使用面積に基づく,26273.0,"[""=ROUND(19.89*$B2,0)"", ""=ROUND(19.4*$B2,0)"", ""=ROUND(22.43*$B2,0)"", ""=ROUND(21.8*$B2,0)"", ""=ROUND(21.06*$B2,0)"", ""=ROUND(21.36*$B2,0)"", ""=ROUND(21.87*$B2,0)"", ""=ROUND(21.65*$B2,0)"", ""=ROUND(21.51*$B2,0)"", ""=ROUND(21.47*$B2,0)"", ""=ROUND(20.15*$B2,0)"", ""=ROUND(21.9*$B2,0)""]","[null, null, null, null, null, null, null, null, null, null, null, null]"
1412000089,15.KDTVN メカ製造技術2課_MP FY2027_各予定(Ver01).xlsx,50,interest,,9114120007,固定資産金利（建物）,26273.0,"[""=ROUND(26273*133.56,0)"", ""=ROUND(26273*126.82,0)"", ""=ROUND(26273*139.32,0)"", ""=ROUND(26273*130.69,0)"", ""=ROUND(26273*125.81,0)"", ""=ROUND(26273*127.78,0)"", ""=ROUND(26273*131.12,0)"", ""=ROUND(26273*129.7,0)"", ""=ROUND(26273*128.8,0)"", ""=ROUND(26273*124.53,0)"", ""=ROUND(26273*116.19,0)"", ""=ROUND(26273*127.25,0)""]","[3509022.0, 3331942.0, 3660354.0, 3433618.0, 3305406.0, 3357164.0, 3444916.0, 3407608.0, 3383962.0, 3271777.0, 3052660.0, 3343239.0]"
1412000089,15.KDTVN メカ製造技術2課_MP FY2027_各予定(Ver01).xlsx,51,interest,,9114120007,固定資産金利（土地）,26273.0,"[""=ROUND(26273*16.93,0)"", ""=ROUND(26273*16.53,0)"", ""=ROUND(26273*18.16,0)"", ""=ROUND(26273*17.03,0)"", ""=ROUND(26273*16.39,0)"", ""=ROUND(26273*16.65,0)"", ""=ROUND(26273*17.09,0)"", ""=ROUND(26273*16.9,0)"", ""=ROUND(26273*16.78,0)"", ""=ROUND(26273*16.23,0)"", ""=ROUND(26273*15.14,0)"", ""=ROUND(26273*16.58,0)""]","[444802.0, 434293.0, 477118.0, 447429.0, 430614.0, 437445.0, 449006.0, 444014.0, 440861.0, 426411.0, 397773.0, 435606.0]"
1412000040,16.KDTVN 電気製造技術課_MP FY2027_各予定(Ver01).xlsx,303,interest,,9114120007,固定資産金利(建物、土地),,"[""=ROUND((188.35+23.88)*26273,0)"", ""=ROUND((178.43+23.25)*26273,0)"", ""=ROUND((180.02+23.46)*26273,0)"", ""=ROUND((178.21+23.22)*26273,0)"", ""=ROUND((174.19+22.7)*26273,0)"", ""=ROUND((175.81+22.91)*26273,0)"", ""=ROUND((178.57+23.27)*26273,0)"", ""=ROUND((177.4+23.12)*26273,0)"", ""=ROUND((176.65+23.02)*26273,0)"", ""=ROUND((173.13+22.56)*26273,0)"", ""=ROUND((166.24+21.66)*26273,0)"", ""=ROUND((175.38+22.85)*26273,0)""]","[5575919.0, 5298739.0, 5346030.0, 5292170.0, 5172891.0, 5220971.0, 5302942.0, 5268262.0, 5245930.0, 5141363.0, 4936697.0, 5208097.0]"
1412000080,20.KDTVN 部品技術課_MP FY2027_各予定(Ver01).xlsx,51,interest,,9114120007,建物の固定資産金利 ,26273.0,"[""=ROUND(V51*$B$2,0)"", ""=ROUND(W51*$B$2,0)"", ""=ROUND(X51*$B$2,0)"", ""=ROUND(Y51*$B$2,0)"", ""=ROUND(Z51*$B$2,0)"", ""=ROUND(AA51*$B$2,0)"", ""=ROUND(AB51*$B$2,0)"", ""=ROUND(AC51*$B$2,0)"", ""=ROUND(AD51*$B$2,0)"", ""=ROUND(AE51*$B$2,0)"", ""=ROUND(AF51*$B$2,0)"", ""=ROUND(AG51*$B$2,0)""]","[4820833.0, 4547594.0, 4555475.0, 4544704.0, 4733869.0, 4735971.0, 4741488.0, 4738861.0, 4835283.0, 4830291.0, 4814790.0, 4835020.0]"
1412000080,20.KDTVN 部品技術課_MP FY2027_各予定(Ver01).xlsx,52,interest,,9114120007,土地の固定資産金利,26273.0,"[""=ROUND(V52*$B$2,0)"", ""=ROUND(W52*$B$2,0)"", ""=ROUND(X52*$B$2,0)"", ""=ROUND(Y52*$B$2,0)"", ""=ROUND(Z52*$B$2,0)"", ""=ROUND(AA52*$B$2,0)"", ""=ROUND(AB52*$B$2,0)"", ""=ROUND(AC52*$B$2,0)"", ""=ROUND(AD52*$B$2,0)"", ""=ROUND(AE52*$B$2,0)"", ""=ROUND(AF52*$B$2,0)"", ""=ROUND(AG52*$B$2,0)""]","[611110.0, 592719.0, 593507.0, 592193.0, 616890.0, 617153.0, 617941.0, 617416.0, 630027.0, 629501.0, 627399.0, 630027.0]"
1412000044,22.KDTVN 金型技術課_MP FY2027_各予定(Ver01).xlsx,46,interest,,9114120007,"金利 (建物,土地) Lãi suất nhà xưởng",26273.0,"[""=ROUNDUP(1172.18*$B$2,0)"", ""=ROUNDUP(1115.6*$B$2,0)"", ""=ROUNDUP(1121.07*$B$2,0)"", ""=ROUNDUP(1115.67*$B$2,0)"", ""=ROUNDUP(1110.23*$B$2,0)"", ""=ROUNDUP(1110.81*$B$2,0)"", ""=ROUNDUP(1116.48*$B$2,0)"", ""=ROUNDUP(1113.04*$B$2,0)"", ""=ROUNDUP(1112.48*$B$2,0)"", ""=ROUNDUP(1109.45*$B$2,0)"", ""=ROUNDUP(1095.15*$B$2,0)"", ""=ROUNDUP(1113.74*$B$2,0)""]","[30796686.0, 29310159.0, 29453873.0, 29311998.0, 29169073.0, 29184312.0, 29333280.0, 29242900.0, 29228188.0, 29148580.0, 28772876.0, 29261292.0]"
1412000056,23.KDTVN 部品製造課_MP FY2027_各予定(Ver01).xlsx,469,interest,,9114120007,"建物,土地の金利",26273.0,"[""=ROUND(8314.58*$B$2,0)"", ""=ROUND(7870.11*$B$2,0)"", ""=ROUND(7889.15*$B$2,0)"", ""=ROUND(7864.68*$B$2,0)"", ""=ROUND(7840.44*$B$2,0)"", ""=ROUND(7845.38*$B$2,0)"", ""=ROUND(7870.76*$B$2,0)"", ""=ROUND(7859.78*$B$2,0)"", ""=ROUND(7860.3*$B$2,0)"", ""=ROUND(7847.97*$B$2,0)"", ""=ROUND(7789.77*$B$2,0)"", ""=ROUND(7865.39*$B$2,0)""]","[218448960.0, 206771400.0, 207271638.0, 206628738.0, 205991880.0, 206121669.0, 206788477.0, 206500000.0, 206513662.0, 206189716.0, 204660627.0, 206647391.0]"
1412000018,24.KDTVN 品質保証課_MP FY2027_各予定(Ver01).xlsx,39,interest,,9114120007,Lai suat TSCD 建物 Building 固定資産金利,26273.0,"[""=ROUND(V39*$B$2,0)"", ""=ROUND(W39*$B$2,0)"", ""=ROUND(X39*$B$2,0)"", ""=ROUND(Y39*$B$2,0)"", ""=ROUND(Z39*$B$2,0)"", ""=ROUND(AA39*$B$2,0)"", ""=ROUND(AB39*$B$2,0)"", ""=ROUND(AC39*$B$2,0)"", ""=ROUND(AD39*$B$2,0)"", ""=ROUND(AE39*$B$2,0)"", ""=ROUND(AF39*$B$2,0)"", ""=ROUND(AG39*$B$2,0)""]","[14640104.0, 13991686.0, 14145909.0, 13991949.0, 13886331.0, 13928894.0, 14001407.0, 13970668.0, 13950963.0, 13874509.0, 13693750.0, 13933623.0]"
1412000018,24.KDTVN 品質保証課_MP FY2027_各予定(Ver01).xlsx,40,interest,,9114120007,Lai suat TSCD 土地 Land 固定資産金利,26273.0,"[""=ROUND(V40*$B$2,0)"", ""=ROUND(W40*$B$2,0)"", ""=ROUND(X40*$B$2,0)"", ""=ROUND(Y40*$B$2,0)"", ""=ROUND(Z40*$B$2,0)"", ""=ROUND(AA40*$B$2,0)"", ""=ROUND(AB40*$B$2,0)"", ""=ROUND(AC40*$B$2,0)"", ""=ROUND(AD40*$B$2,0)"", ""=ROUND(AE40*$B$2,0)"", ""=ROUND(AF40*$B$2,0)"", ""=ROUND(AG40*$B$2,0)""]","[1856187.0, 1823346.0, 1843314.0, 1823346.0, 1809422.0, 1814939.0, 1824397.0, 1820456.0, 1817829.0, 1807845.0, 1784462.0, 1815727.0]"
1412000019,25.KDTVN 製品保証課_MP FY2027_各予定(Ver01).xlsx,55,interest,,9114120007,Lãi suất tiền nhà 建物,26273.0,"[""=ROUND(W55*$B$2,0)"", ""=ROUND(X55*$B$2,0)"", ""=ROUND(Y55*$B$2,0)"", ""=ROUND(Z55*$B$2,0)"", ""=ROUND(AA55*$B$2,0)"", ""=ROUND(AB55*$B$2,0)"", ""=ROUND(AC55*$B$2,0)"", ""=ROUND(AD55*$B$2,0)"", ""=ROUND(AE55*$B$2,0)"", ""=ROUND(AF55*$B$2,0)"", ""=ROUND(AG55*$B$2,0)"", ""=ROUND(AH55*$B$2,0)""]","[27127661.0, 25604352.0, 25801925.0, 25607242.0, 25410983.0, 25431476.0, 25703401.0, 25576503.0, 25556010.0, 25444350.0, 24917050.0, 25602250.0]"
1412000019,25.KDTVN 製品保証課_MP FY2027_各予定(Ver01).xlsx,56,interest,,9114120007,Lãi suất tiền đất 土地,26273.0,"[""=ROUND(W56*$B$2,0)"", ""=ROUND(X56*$B$2,0)"", ""=ROUND(Y56*$B$2,0)"", ""=ROUND(Z56*$B$2,0)"", ""=ROUND(AA56*$B$2,0)"", ""=ROUND(AB56*$B$2,0)"", ""=ROUND(AC56*$B$2,0)"", ""=ROUND(AD56*$B$2,0)"", ""=ROUND(AE56*$B$2,0)"", ""=ROUND(AF56*$B$2,0)"", ""=ROUND(AG56*$B$2,0)"", ""=ROUND(AH56*$B$2,0)""]","[3439398.0, 3336408.0, 3362156.0, 3336934.0, 3311186.0, 3313813.0, 3349282.0, 3332730.0, 3330103.0, 3315653.0, 3246817.0, 3336146.0]"
1412000058,26.KDTVN 第1資材課_MP FY2027_各予定(Ver01).xlsx,42,interest,,9114120007,固定資産金利（Interest） /建物 Building Interest,,"[6923986, 6538036, 6452123, 6438461, 6433732, 6362795, 6358329, 6356490, 6385127, 6381712, 6357278, 6384864]","[6923986.0, 6538036.0, 6452123.0, 6438461.0, 6433732.0, 6362795.0, 6358329.0, 6356490.0, 6385127.0, 6381712.0, 6357278.0, 6384864.0]"
1412000058,26.KDTVN 第1資材課_MP FY2027_各予定(Ver01).xlsx,43,interest,,9114120007,固定資産金利（Interest） /土地 Land Interest,,"[877781, 852033, 840736, 838897, 838371, 829176, 828650, 828388, 832066, 831540, 828388, 832066]","[877781.0, 852033.0, 840736.0, 838897.0, 838371.0, 829176.0, 828650.0, 828388.0, 832066.0, 831540.0, 828388.0, 832066.0]"
1412000042,27.KDTVN 第2資材課_MP FY2027_各予定(Ver01).xlsx,42,interest,,9114120007,固定資産金利（Interest） /建物 Building Interest,26273.0,"[1621044, 1530665, 1506757, 1503078, 1501765, 1482060, 1480746, 1480221, 1488103, 1487315, 1480484, 1488103]","[1621044.0, 1530665.0, 1506757.0, 1503078.0, 1501765.0, 1482060.0, 1480746.0, 1480221.0, 1488103.0, 1487315.0, 1480484.0, 1488103.0]"
1412000042,27.KDTVN 第2資材課_MP FY2027_各予定(Ver01).xlsx,43,interest,,9114120007,固定資産金利（Interest） /土地 Land Interest,26273.0,"[205455, 199412, 196259, 195734, 195734, 193107, 192844, 192844, 193895, 193895, 192844, 193895]","[205455.0, 199412.0, 196259.0, 195734.0, 195734.0, 193107.0, 192844.0, 192844.0, 193895.0, 193895.0, 192844.0, 193895.0]"
1412000022,29.KDTVN 資材管理課_MP FY2027_各予定(Ver01).xlsx,42,interest,,9114120007,固定資産金利（Interest） /建物 Building Interest,26273.0,"[""=ROUND(V42*$B$2,0)"", ""=ROUND(W42*$B$2,0)"", ""=ROUND(X42*$B$2,0)"", ""=ROUND(Y42*$B$2,0)"", ""=ROUND(Z42*$B$2,0)"", ""=ROUND(AA42*$B$2,0)"", ""=ROUND(AB42*$B$2,0)"", ""=ROUND(AC42*$B$2,0)"", ""=ROUND(AD42*$B$2,0)"", ""=ROUND(AE42*$B$2,0)"", ""=ROUND(AF42*$B$2,0)"", ""=ROUND(AG42*$B$2,0)""]","[1945253.0, 1836745.0, 2109459.0, 2104205.0, 2102365.0, 2074779.0, 2369299.0, 2368248.0, 2083449.0, 2082135.0, 2072677.0, 2083449.0]"
1412000022,29.KDTVN 資材管理課_MP FY2027_各予定(Ver01).xlsx,43,interest,,9114120007,固定資産金利（Interest） /土地 Land Interest,26273.0,"[""=ROUND(V43*$B$2,0)"", ""=ROUND(W43*$B$2,0)"", ""=ROUND(X43*$B$2,0)"", ""=ROUND(Y43*$B$2,0)"", ""=ROUND(Z43*$B$2,0)"", ""=ROUND(AA43*$B$2,0)"", ""=ROUND(AB43*$B$2,0)"", ""=ROUND(AC43*$B$2,0)"", ""=ROUND(AD43*$B$2,0)"", ""=ROUND(AE43*$B$2,0)"", ""=ROUND(AF43*$B$2,0)"", ""=ROUND(AG43*$B$2,0)""]","[246703.0, 239347.0, 274816.0, 274290.0, 274027.0, 270349.0, 308708.0, 308708.0, 271400.0, 271400.0, 270086.0, 271400.0]"
1412000024,30.KDTVN 総務課_MP FY2027_各予定(Ver01).xlsx,39,interest,,9114120007,建物利益　Lãi nhà xưởng,26273.0,"[308435562, 291162904, 291076991, 291063329, 291058600, 290987663, 290983197, 290981357, 291009995, 291006579, 290982146, 291009732]","[308435562.0, 291162904.0, 291076991.0, 291063329.0, 291058600.0, 290987663.0, 290983197.0, 290981357.0, 291009995.0, 291006579.0, 290982146.0, 291009732.0]"
1412000024,30.KDTVN 総務課_MP FY2027_各予定(Ver01).xlsx,40,interest,,9114120007,土地利益　Lãi đất sử dụng,26273.0,"[39106573, 37940840, 37929542, 37927966, 37927178, 37917982, 37917457, 37917194, 37920872, 37920347, 37917194, 37920872]","[39106573.0, 37940840.0, 37929542.0, 37927966.0, 37927178.0, 37917982.0, 37917457.0, 37917194.0, 37920872.0, 37920347.0, 37917194.0, 37920872.0]"
1412000024,30.KDTVN 総務課_MP FY2027_各予定(Ver01).xlsx,47,interest,,9114120007,車利益　Lãi xe Camry (T4/2027 hết khấu hao),26273.0,"[""=ROUNDUP(63.01*$B$2,0)"", ""=ROUNDUP(33.11*$B$2,0)"", ""=ROUNDUP(33.11*$B$2,0)"", ""=ROUNDUP(33.11*$B$2,0)"", ""=ROUNDUP(33.11*$B$2,0)"", ""=ROUNDUP(33.11*$B$2,0)"", ""=ROUNDUP(33.11*$B$2,0)"", ""=ROUNDUP(33.11*$B$2,0)"", ""=ROUNDUP(33.11*$B$2,0)"", ""=ROUNDUP(33.11*$B$2,0)"", ""=ROUNDUP(33.11*$B$2,0)"", ""=ROUNDUP(33.11*$B$2,0)""]","[1655462.0, 869900.0, 869900.0, 869900.0, 869900.0, 869900.0, 869900.0, 869900.0, 869900.0, 869900.0, 869900.0, 869900.0]"
1412000024,30.KDTVN 総務課_MP FY2027_各予定(Ver01).xlsx,48,interest,,9114120007,乾燥機利益　Lãi vạc nấu canh nhà B ( T1/2026 ~ T12/2028) ,26273.0,"[250500, 229625.00000000003, 229625.00000000003, 229625.00000000003, 229625.00000000003, 229625.00000000003, 229625.00000000003, 229625.00000000003, 229625.00000000003, 229625.00000000003, 229625.00000000003, 229625.00000000003]","[250500.0, 229625.00000000003, 229625.00000000003, 229625.00000000003, 229625.00000000003, 229625.00000000003, 229625.00000000003, 229625.00000000003, 229625.00000000003, 229625.00000000003, 229625.00000000003, 229625.00000000003]"
1412000024,30.KDTVN 総務課_MP FY2027_各予定(Ver01).xlsx,49,interest,,9114120007,乾燥機利益　Lãi vạc xào nấu nhà B ( T1/2026 ~ T12/2028) ,26273.0,"[250500, 229625.00000000003, 229625.00000000003, 229625.00000000003, 229625.00000000003, 229625.00000000003, 229625.00000000003, 229625.00000000003, 229625.00000000003, 229625.00000000003, 229625.00000000003, 229625.00000000003]","[250500.0, 229625.00000000003, 229625.00000000003, 229625.00000000003, 229625.00000000003, 229625.00000000003, 229625.00000000003, 229625.00000000003, 229625.00000000003, 229625.00000000003, 229625.00000000003, 229625.00000000003]"
1412000024,30.KDTVN 総務課_MP FY2027_各予定(Ver01).xlsx,50,interest,,9114120007,食堂経営ソフト利益　Lãi phần mềm quản lý nhà ăn (T5/2026 hết khấu hao),26273.0,"[""=ROUNDUP(21.29*$B$2,0)"", ""=ROUNDUP(3.09*$B$2,0)"", null, null, null, null, null, null, null, null, null, null]","[559353.0, 81184.0, null, null, null, null, null, null, null, null, null, null]"
1412000025,31.KDTVN 人事課_MP FY2027_各予定(Ver01).xlsx,109,interest,,9114120007,Lãi Khấu hao xây dựng 建物償却 ,26273.0,"[""=ROUNDUP(699.98*26273,0)"", ""=ROUNDUP(660.83*26273,0)"", ""=ROUNDUP(658.11*26273,0)"", ""=ROUNDUP(657.68*26273,0)"", ""=ROUNDUP(657.53*26273,0)"", ""=ROUNDUP(655.28*26273,0)"", ""=ROUNDUP(655.14*26273,0)"", ""=ROUNDUP(655.08*26273,0)"", ""=ROUNDUP(655.99*26273,0)"", ""=ROUNDUP(655.88*26273,0)"", ""=ROUNDUP(655.1*26273,0)"", ""=ROUNDUP(655.98*26273,0)""]","[18390575.0, 17361987.0, 17290525.0, 17279227.0, 17275286.0, 17216172.0, 17212494.0, 17210917.0, 17234826.0, 17231936.0, 17211443.0, 17234563.0]"
1412000025,31.KDTVN 人事課_MP FY2027_各予定(Ver01).xlsx,110,interest,,9114120007,Lãi khấu hao đất 土地償却 ,26273.0,"[""=ROUNDUP(88.75*26273,0)"", ""=ROUNDUP(86.11*26273,0)"", ""=ROUNDUP(85.76*26273,0)"", ""=ROUNDUP(85.7*26273,0)"", ""=ROUNDUP(85.68*26273,0)"", ""=ROUNDUP(85.39*26273,0)"", ""=ROUNDUP(85.37*26273,0)"", ""=ROUNDUP(85.36*26273,0)"", ""=ROUNDUP(85.48*26273,0)"", ""=ROUNDUP(85.47*26273,0)"", ""=ROUNDUP(85.37*26273,0)"", ""=ROUNDUP(85.48*26273,0)""]","[2331729.0, 2262369.0, 2253173.0, 2251597.0, 2251071.0, 2243452.0, 2242927.0, 2242664.0, 2245817.0, 2245554.0, 2242927.0, 2245817.0]"
1412000025,31.KDTVN 人事課_MP FY2027_各予定(Ver01).xlsx,112,interest,,9114120007,Tiền lãi khấu hao tài sản cố định phần mềm nhân sự mới,26273.0,"[null, null, null, 0, ""=ROUNDUP(7754339.517,0)"", ""=ROUNDUP(7754339.517,0)"", ""=ROUNDUP(7754339.517,0)"", ""=ROUNDUP(7754339.517,0)"", ""=ROUNDUP(7754339.517,0)"", ""=ROUNDUP(7754339.517,0)"", ""=ROUNDUP(7754339.517,0)"", ""=ROUNDUP(7754339.517,0)""]","[null, null, null, 0.0, 7754340.0, 7754340.0, 7754340.0, 7754340.0, 7754340.0, 7754340.0, 7754340.0, 7754340.0]"
1412000025,31.KDTVN 人事課_MP FY2027_各予定(Ver01).xlsx,114,interest,,9114120007,Tiền lãi khấu hao tài sản cố định máy sock tim,26273.0,"[""=ROUNDUP(18.04*26273,0)"", ""=ROUNDUP(18.04*26273,0)"", ""=ROUNDUP(18.04*26273,0)"", ""=ROUNDUP(18.04*26273,0)"", ""=ROUNDUP(18.04*26273,0)"", ""=ROUNDUP(18.04*26273,0)"", ""=ROUNDUP(18.04*26273,0)"", ""=ROUNDUP(18.04*26273,0)"", ""=ROUNDUP(18.04*26273,0)"", ""=ROUNDUP(18.04*26273,0)"", ""=ROUNDUP(18.04*26273,0)"", ""=ROUNDUP(18.04*26273,0)""]","[473965.0, 473965.0, 473965.0, 473965.0, 473965.0, 473965.0, 473965.0, 473965.0, 473965.0, 473965.0, 473965.0, 473965.0]"
1412000026,32.KDTVN 施設課_MP FY2027_各予定(Ver01).xlsx,404,interest,,9114120007,Building Interest(lãi nhà xưởng)　健室金利,,"[961478563, 907632838, 907566105, 907555070, 907550078, 907495956, 907491752, 907490176, 907512770, 907510143, 907491227, 907513559]","[961478563.0, 907632838.0, 907566105.0, 907555070.0, 907550078.0, 907495956.0, 907491752.0, 907490176.0, 907512770.0, 907510143.0, 907491227.0, 907513559.0]"
1412000026,32.KDTVN 施設課_MP FY2027_各予定(Ver01).xlsx,405,interest,,9114120007,Land Interest (lãi đất)　土地金利,,"[121906720, 118270274, 118262655, 118261341, 118260290, 118253722, 118253197, 118253197, 118256875, 118255824, 118252146, 118255036]","[121906720.0, 118270274.0, 118262655.0, 118261341.0, 118260290.0, 118253722.0, 118253197.0, 118253197.0, 118256875.0, 118255824.0, 118252146.0, 118255036.0]"
1412000028,33.KDTVN 会計課_MP FY2027_各予定(Ver01).xlsx,58,interest,,9114120007,Interest expense for Building,26273.0,"[""=ROUND(W58*$B$2,0)"", ""=ROUND(X58*$B$2,0)"", ""=ROUND(Y58*$B$2,0)"", ""=ROUND(Z58*$B$2,0)"", ""=ROUND(AA58*$B$2,0)"", ""=ROUND(AB58*$B$2,0)"", ""=ROUND(AC58*$B$2,0)"", ""=ROUND(AD58*$B$2,0)"", ""=ROUND(AE58*$B$2,0)"", ""=ROUND(AF58*$B$2,0)"", ""=ROUND(AG58*$B$2,0)"", ""=ROUND(AH58*$B$2,0)""]","[4962182.0, 4436984.0, 4379709.0, 4370776.0, 4367361.0, 4320069.0, 4317179.0, 4315866.0, 4335045.0, 4332943.0, 4316391.0, 4335045.0]"
1412000028,33.KDTVN 会計課_MP FY2027_各予定(Ver01).xlsx,59,interest,,9114120007,Interest expense for Land,26273.0,"[""=ROUND(W59*$B$2,0)"", ""=ROUND(X59*$B$2,0)"", ""=ROUND(Y59*$B$2,0)"", ""=ROUND(Z59*$B$2,0)"", ""=ROUND(AA59*$B$2,0)"", ""=ROUND(AB59*$B$2,0)"", ""=ROUND(AC59*$B$2,0)"", ""=ROUND(AD59*$B$2,0)"", ""=ROUND(AE59*$B$2,0)"", ""=ROUND(AF59*$B$2,0)"", ""=ROUND(AG59*$B$2,0)"", ""=ROUND(AH59*$B$2,0)""]","[613475.0, 578269.0, 570650.0, 569599.0, 569073.0, 563030.0, 562505.0, 562505.0, 564870.0, 564607.0, 562505.0, 564870.0]"
1412000028,33.KDTVN 会計課_MP FY2027_各予定(Ver01).xlsx,61,interest,,9114120007,Interest expense for VNPT Sub - accounting system,26273.0,"[""=ROUND(720620000*0.3%,0)"", ""=ROUND(720620000*0.3%,0)"", ""=ROUND(720620000*0.3%,0)"", ""=ROUND(720620000*0.3%,0)"", ""=ROUND(720620000*0.3%,0)"", ""=ROUND(720620000*0.3%,0)"", ""=ROUND(720620000*0.3%,0)"", ""=ROUND(720620000*0.3%,0)"", ""=ROUND(720620000*0.3%,0)"", ""=ROUND(720620000*0.3%,0)"", ""=ROUND(720620000*0.3%,0)"", ""=ROUND(720620000*0.3%,0)""]","[2161860.0, 2161860.0, 2161860.0, 2161860.0, 2161860.0, 2161860.0, 2161860.0, 2161860.0, 2161860.0, 2161860.0, 2161860.0, 2161860.0]"
1412000029,34.KDTVN 経営管理課_MP FY2027_各予定(Ver01).xlsx,40,interest,,9114120007,建屋 lãi nhà,26273.0,"[""=ROUNDUP(182.78*$B$2,0)"", ""=ROUNDUP(172.56*$B$2,0)"", ""=ROUNDUP(171.97*$B$2,0)"", ""=ROUNDUP(171.3*$B$2,0)"", ""=ROUNDUP(170.74*$B$2,0)"", ""=ROUNDUP(169.89*$B$2,0)"", ""=ROUNDUP(170.36*$B$2,0)"", ""=ROUNDUP(170.02*$B$2,0)"", ""=ROUNDUP(170.33*$B$2,0)"", ""=ROUNDUP(170.01*$B$2,0)"", ""=ROUNDUP(168.39*$B$2,0)"", ""=ROUNDUP(170.44*$B$2,0)""]","[4802179.0, 4533669.0, 4518168.0, 4500565.0, 4485853.0, 4463520.0, 4475869.0, 4466936.0, 4475081.0, 4466673.0, 4424111.0, 4477971.0]"
1412000029,34.KDTVN 経営管理課_MP FY2027_各予定(Ver01).xlsx,41,interest,,9114120007,土地 lãi đất,26273.0,"[""=ROUNDUP(23.17*$B$2,0)"", ""=ROUNDUP(22.49*$B$2,0)"", ""=ROUNDUP(22.41*$B$2,0)"", ""=ROUNDUP(22.32*$B$2,0)"", ""=ROUNDUP(22.25*$B$2,0)"", ""=ROUNDUP(22.14*$B$2,0)"", ""=ROUNDUP(22.2*$B$2,0)"", ""=ROUNDUP(22.15*$B$2,0)"", ""=ROUNDUP(22.2*$B$2,0)"", ""=ROUNDUP(22.15*$B$2,0)"", ""=ROUNDUP(21.94*$B$2,0)"", ""=ROUNDUP(22.21*$B$2,0)""]","[608746.0, 590880.0, 588778.0, 586414.0, 584575.0, 581685.0, 583261.0, 581947.0, 583261.0, 581947.0, 576430.0, 583524.0]"
1412000030,35.KDTVN 貿易管理課_MP FY2027_各予定 final.xlsx,40,interest,,9114120007,Interest building,26273.0,"[""=ROUNDUP(U$40*$B$2,0)"", ""=ROUNDUP(V$40*$B$2,0)"", ""=ROUNDUP(W$40*$B$2,0)"", ""=ROUNDUP(X$40*$B$2,0)"", ""=ROUNDUP(Y$40*$B$2,0)"", ""=ROUNDUP(Z$40*$B$2,0)"", ""=ROUNDUP(AA$40*$B$2,0)"", ""=ROUNDUP(AB$40*$B$2,0)"", ""=ROUNDUP(AC$40*$B$2,0)"", ""=ROUNDUP(AD$40*$B$2,0)"", ""=ROUNDUP(AE$40*$B$2,0)"", ""=ROUNDUP(AF$40*$B$2,0)""]","[6962345.0, 6225388.0, 6144467.0, 6131593.0, 6126864.0, 6060131.0, 6055927.0, 6054088.0, 6081149.0, 6077996.0, 6054876.0, 6080886.0]"
1412000030,35.KDTVN 貿易管理課_MP FY2027_各予定 final.xlsx,41,interest,,9114120007,Interest land,26273.0,"[""=ROUNDUP(U$41*$B$2,0)"", ""=ROUNDUP(V$41*$B$2,0)"", ""=ROUNDUP(W$41*$B$2,0)"", ""=ROUNDUP(X$41*$B$2,0)"", ""=ROUNDUP(Y$41*$B$2,0)"", ""=ROUNDUP(Z$41*$B$2,0)"", ""=ROUNDUP(AA$41*$B$2,0)"", ""=ROUNDUP(AB$41*$B$2,0)"", ""=ROUNDUP(AC$41*$B$2,0)"", ""=ROUNDUP(AD$41*$B$2,0)"", ""=ROUNDUP(AE$41*$B$2,0)"", ""=ROUNDUP(AF$41*$B$2,0)""]","[860967.0, 811311.0, 800539.0, 798962.0, 798437.0, 789767.0, 789241.0, 788979.0, 792394.0, 792131.0, 788979.0, 792394.0]"
1412000030,35.KDTVN 貿易管理課_MP FY2027_各予定 final.xlsx,129,interest,,9114120007,Interest fixed assets (NTT),26273.0,"[null, null, null, null, null, null, null, null, null, null, null, null]","[null, null, null, null, null, null, null, null, null, null, null, null]"
1412000086,36.KDTVN 情報システム課_MP FY2027_各予定(Ver03).xlsx,216,interest,,9114120007,*既存資産 固定資産金利,26273.0,"[""=ROUND(693.62*$B$2,0)"", ""=ROUND(347.75*$B$2,0)"", ""=ROUND(347.75*$B$2,0)"", ""=ROUND(347.75*$B$2,0)"", ""=ROUND(347.75*$B$2,0)"", ""=ROUND(347.75*$B$2,0)"", ""=ROUND(347.75*$B$2,0)"", ""=ROUND(347.75*$B$2,0)"", ""=ROUND(347.75*$B$2,0)"", ""=ROUND(347.75*$B$2,0)"", ""=ROUND(347.75*$B$2,0)"", ""=ROUND(347.75*$B$2,0)""]","[18223478.0, 9136436.0, 9136436.0, 9136436.0, 9136436.0, 9136436.0, 9136436.0, 9136436.0, 9136436.0, 9136436.0, 9136436.0, 9136436.0]"
1412000086,36.KDTVN 情報システム課_MP FY2027_各予定(Ver03).xlsx,221,interest,,9114120007,*施設課から振替 建屋　Building interest,26273.0,"[""=ROUND(315.77*$B$2,0)"", ""=ROUND(298.14*$B$2,0)"", ""=ROUND(318.72*$B$2,0)"", ""=ROUND(318.29*$B$2,0)"", ""=ROUND(318.13*$B$2,0)"", ""=ROUND(315.88*$B$2,0)"", ""=ROUND(315.74*$B$2,0)"", ""=ROUND(315.68*$B$2,0)"", ""=ROUND(316.59*$B$2,0)"", ""=ROUND(316.49*$B$2,0)"", ""=ROUND(315.71*$B$2,0)"", ""=ROUND(316.59*$B$2,0)""]","[8296225.0, 7833032.0, 8373731.0, 8362433.0, 8358229.0, 8299115.0, 8295437.0, 8293861.0, 8317769.0, 8315142.0, 8294649.0, 8317769.0]"
1412000086,36.KDTVN 情報システム課_MP FY2027_各予定(Ver03).xlsx,222,interest,,9114120007,*施設課から振替 土地  Landing interest,26273.0,"[""=ROUND(40.04*$B$2,0)"", ""=ROUND(38.85*$B$2,0)"", ""=ROUND(41.53*$B$2,0)"", ""=ROUND(41.48*$B$2,0)"", ""=ROUND(41.46*$B$2,0)"", ""=ROUND(41.16*$B$2,0)"", ""=ROUND(41.14*$B$2,0)"", ""=ROUND(41.14*$B$2,0)"", ""=ROUND(41.25*$B$2,0)"", ""=ROUND(41.24*$B$2,0)"", ""=ROUND(41.14*$B$2,0)"", ""=ROUND(41.25*$B$2,0)""]","[1051971.0, 1020706.0, 1091118.0, 1089804.0, 1089279.0, 1081397.0, 1080871.0, 1080871.0, 1083761.0, 1083499.0, 1080871.0, 1083761.0]"
1412000086,36.KDTVN 情報システム課_MP FY2027_各予定(Ver03).xlsx,227,interest,,9114120007,*新規資産 ネットワーク機器の老朽化対応 金利 meraki (t6/2026),26273.0,"[0, 0, ""=ROUND($G$224*0.3%,0)"", 2402640, 2402640, 2402640, 2402640, 2402640, 2402640, 2402640, 2402640, 2402640]","[0.0, 0.0, 0.0, 2402640.0, 2402640.0, 2402640.0, 2402640.0, 2402640.0, 2402640.0, 2402640.0, 2402640.0, 2402640.0]"
1412000086,36.KDTVN 情報システム課_MP FY2027_各予定(Ver03).xlsx,228,interest,,9114120007,*新規資産 サーバの保守切れ対応　金利 HIC server(10/2026),26273.0,"[0, 0, 0, 0, 0, 0, 0, 49257702, 49257702, 49257702, 49257702, 49257702]","[0.0, 0.0, 0.0, 0.0, 0.0, 0.0, 0.0, 49257702.0, 49257702.0, 49257702.0, 49257702.0, 49257702.0]"
1412000086,36.KDTVN 情報システム課_MP FY2027_各予定(Ver03).xlsx,229,interest,,9114120007,*新規資産 K棟4Fのネットワーク機器　金利,26273.0,"[0, 0, 0, 0, 0, 0, 0, ""=ROUND($L$226*0.3%,0)"", ""=ROUND($L$226*0.3%,0)"", ""=ROUND($L$226*0.3%,0)"", ""=ROUND($L$226*0.3%,0)"", ""=ROUND($L$226*0.3%,0)""]","[0.0, 0.0, 0.0, 0.0, 0.0, 0.0, 0.0, 7663.0, 7663.0, 7663.0, 7663.0, 7663.0]"
1412000063,38.KDTVN トナー製造管理課　_MP FY2027_各予定(Ver01).xlsx,43,interest,,9114120007,Lãi suất nhà xưởng  建物金利,26273.0,"[""=ROUND(24.28*$B$2,0)"", ""=ROUND(22.05*$B$2,0)"", ""=ROUND(24.83*$B$2,0)"", ""=ROUND(26.12*$B$2,0)"", ""=ROUND(23.79*$B$2,0)"", ""=ROUND(28.55*$B$2,0)"", ""=ROUND(28.38*$B$2,0)"", ""=ROUND(27.64*$B$2,0)"", ""=ROUND(25.22*$B$2,0)"", ""=ROUND(23.53*$B$2,0)"", ""=ROUND(18.11*$B$2,0)"", ""=ROUND(22.92*$B$2,0)""]","[637908.0, 579320.0, 652359.0, 686251.0, 625035.0, 750094.0, 745628.0, 726186.0, 662605.0, 618204.0, 475804.0, 602177.0]"
1412000063,38.KDTVN トナー製造管理課　_MP FY2027_各予定(Ver01).xlsx,44,interest,,9114120007,Lãi suất đất 土地金利,26273.0,"[""=ROUND(3.08*$B$2,0)"", ""=ROUND(2.87*$B$2,0)"", ""=ROUND(3.24*$B$2,0)"", ""=ROUND(3.4*$B$2,0)"", ""=ROUND(3.1*$B$2,0)"", ""=ROUND(3.72*$B$2,0)"", ""=ROUND(3.7*$B$2,0)"", ""=ROUND(3.6*$B$2,0)"", ""=ROUND(3.29*$B$2,0)"", ""=ROUND(3.07*$B$2,0)"", ""=ROUND(2.36*$B$2,0)"", ""=ROUND(2.99*$B$2,0)""]","[80921.0, 75404.0, 85125.0, 89328.0, 81446.0, 97736.0, 97210.0, 94583.0, 86438.0, 80658.0, 62004.0, 78556.0]"
1412000066,39.KDTVN RPS製造課_MP FY2027_各予定(Ver01).xlsx,48,interest,,9114120007,固定資産金利 (建物+土地),26273.0,"[107746361, 101711716, 101711716, 101711716, 101711716, 101711716, 101711716, 101711716, 101711716, 101711716, 101711716, 101711716]","[107746361.0, 101711716.0, 101711716.0, 101711716.0, 101711716.0, 101711716.0, 101711716.0, 101711716.0, 101711716.0, 101711716.0, 101711716.0, 101711716.0]"
1412000066,39.KDTVN RPS製造課_MP FY2027_各予定(Ver01).xlsx,49,interest,,9114120007,固定資産金利 (建物+土地),26273.0,"[13661172, 13253940, 13253940, 13253940, 13253940, 13253940, 13253940, 13253940, 13253940, 13253940, 13253940, 13253940]","[13661172.0, 13253940.0, 13253940.0, 13253940.0, 13253940.0, 13253940.0, 13253940.0, 13253940.0, 13253940.0, 13253940.0, 13253940.0, 13253940.0]"
1412000016,42.KDTVN 生産技術1課_MP FY2027_各予定(Ver01).xlsx,49,interest,,9114120007,lãi nhà 固定資産金利（建物）,26273.0,"[""=ROUND(26273*313.02,0)"", ""=ROUND(26273*301.47,0)"", ""=ROUND(26273*301.73,0)"", ""=ROUND(26273*298.2,0)"", ""=ROUND(26273*297.8,0)"", ""=ROUND(26273*297.86,0)"", ""=ROUND(26273*298.03,0)"", ""=ROUND(26273*297.95,0)"", ""=ROUND(26273*297.82,0)"", ""=ROUND(26273*297.68,0)"", ""=ROUND(26273*297.21,0)"", ""=ROUND(26273*297.81,0)""]","[8223974.0, 7920521.0, 7927352.0, 7834609.0, 7824099.0, 7825676.0, 7830142.0, 7828040.0, 7824625.0, 7820947.0, 7808598.0, 7824362.0]"
1412000016,42.KDTVN 生産技術1課_MP FY2027_各予定(Ver01).xlsx,50,interest,,9114120007,lãi đất 固定資産金利（土地）,26273.0,"[""=ROUND(26273*39.69,0)"", ""=ROUND(26273*39.28,0)"", ""=ROUND(26273*39.32,0)"", ""=ROUND(26273*38.86,0)"", ""=ROUND(26273*38.81,0)"", ""=ROUND(26273*38.81,0)"", ""=ROUND(26273*38.84,0)"", ""=ROUND(26273*38.82,0)"", ""=ROUND(26273*38.81,0)"", ""=ROUND(26273*38.79,0)"", ""=ROUND(26273*38.73,0)"", ""=ROUND(26273*38.81,0)""]","[1042775.0, 1032003.0, 1033054.0, 1020969.0, 1019655.0, 1019655.0, 1020443.0, 1019918.0, 1019655.0, 1019130.0, 1017553.0, 1019655.0]"
1412000069,43.KDTVN 生産技術2課_MP FY2027_各予定(Ver01).xlsx,49,interest,,9114120007,Lãi nhà,26273.0,"[5733820, 5629516, 5633982, 5572241, 5565147, 5566198, 5569351, 5567774, 5565672, 5563045, 5554900, 5565410]","[5733820.0, 5629516.0, 5633982.0, 5572241.0, 5565147.0, 5566198.0, 5569351.0, 5567774.0, 5565672.0, 5563045.0, 5554900.0, 5565410.0]"
1412000069,43.KDTVN 生産技術2課_MP FY2027_各予定(Ver01).xlsx,50,interest,,9114120007,lãi đất 固定資産金利（土地）,26273.0,"[726974, 733542, 734068, 726186, 725135, 725398, 725660, 725398, 725135, 724872, 723821, 725135]","[726974.0, 733542.0, 734068.0, 726186.0, 725135.0, 725398.0, 725660.0, 725398.0, 725135.0, 724872.0, 723821.0, 725135.0]"
1412000069,43.KDTVN 生産技術2課_MP FY2027_各予定(Ver01).xlsx,58,interest,,9114120007,lãi  máy tính người mới,26273.0,"[null, null, 94005, 94005, 94005, 94005, 94005, 94005, 94005, 94005, 94005, 94005]","[null, null, 94005.0, 94005.0, 94005.0, 94005.0, 94005.0, 94005.0, 94005.0, 94005.0, 94005.0, 94005.0]"
1412000069,43.KDTVN 生産技術2課_MP FY2027_各予定(Ver01).xlsx,59,interest,,9114120007,lãi UV-UV 照度計金利,26273.0,"[147810, 147810, 147810, 147810, 147810, 147810, 147810, 147810, 147810, 147810, 147810, 147810]","[147810.0, 147810.0, 147810.0, 147810.0, 147810.0, 147810.0, 147810.0, 147810.0, 147810.0, 147810.0, 147810.0, 147810.0]"
1412000069,43.KDTVN 生産技術2課_MP FY2027_各予定(Ver01).xlsx,60,interest,,9114120007,lãi Digital Torque Tester,26273.0,"[null, null, null, null, 133992, 133992, 133992, 133992, 133992, 133992, 133992, 133992]","[null, null, null, null, 133992.0, 133992.0, 133992.0, 133992.0, 133992.0, 133992.0, 133992.0, 133992.0]"
1412000070,44.KDTVN 第4資材課_MP FY2027_各予定(Ver01).xlsx,42,interest,,9114120007,固定資産金利（Interest） /建物 Building Interest,26273.0,"[2593408, 2448906, 2410810, 2404768, 2402666, 2371138, 2369299, 2368248, 2381122, 2379546, 2368774, 2381122]","[2593408.0, 2448906.0, 2410810.0, 2404768.0, 2402666.0, 2371138.0, 2369299.0, 2368248.0, 2381122.0, 2379546.0, 2368774.0, 2381122.0]"
1412000070,44.KDTVN 第4資材課_MP FY2027_各予定(Ver01).xlsx,43,interest,,9114120007,固定資産金利（Interest） /土地 Land Interest,26273.0,"[328938, 319217, 314225, 313437, 313174, 308970, 308708, 308708, 310284, 310021, 308708, 310284]","[328938.0, 319217.0, 314225.0, 313437.0, 313174.0, 308970.0, 308708.0, 308708.0, 310284.0, 310021.0, 308708.0, 310284.0]"
1412000072,45.KDTVN 製品管理課_MP FY2027_各予定(Ver01).xlsx,51,interest,,9114120007,Lãi suất khấu hao nhà xưởng,26273.0,"[614117451, 579735815, 579990137, 579671709, 579505138, 579480179, 579702185, 579573448, 579482280, 579350127, 578802598, 579451015]","[614117451.0, 579735815.0, 579990137.0, 579671709.0, 579505138.0, 579480179.0, 579702185.0, 579573448.0, 579482280.0, 579350127.0, 578802598.0, 579451015.0]"
1412000072,45.KDTVN 製品管理課_MP FY2027_各予定(Ver01).xlsx,52,interest,,9114120007,Lãi suất khấu hao đất,26273.0,"[77863977, 75544071, 75577175, 75535664, 75514120, 75510704, 75539867, 75523053, 75510967, 75493890, 75422427, 75507026]","[77863977.0, 75544071.0, 75577175.0, 75535664.0, 75514120.0, 75510704.0, 75539867.0, 75523053.0, 75510967.0, 75493890.0, 75422427.0, 75507026.0]"
1412000072,45.KDTVN 製品管理課_MP FY2027_各予定(Ver01).xlsx,64,interest,,9114120007,Lãi suất khấu hao xe Forklift Nhà C,26273.0,"[501814, 219116, 219116, 219116, 219116, 219116, 219116, 219116, 219116, 219116, 0, 0]","[501814.0, 219116.0, 219116.0, 219116.0, 219116.0, 219116.0, 219116.0, 219116.0, 219116.0, 219116.0, 0.0, 0.0]"
1412000072,45.KDTVN 製品管理課_MP FY2027_各予定(Ver01).xlsx,65,interest,,9114120007,Lãi suất máy quấn màng film nhà C,26273.0,"[264043, 77768, 77768, 77768, 77768, 0, 0, 0, 0, 0, 0, 0]","[264043.0, 77768.0, 77768.0, 77768.0, 77768.0, 0.0, 0.0, 0.0, 0.0, 0.0, 0.0, 0.0]"
1412000073,46.KDTVN 物流管理課_MP FY2027_各予定(Ver01).xlsx,51,interest,,9114120007,固定資産金利( lãi nhà xưởng),26273.0,"[2090018, 2004630, 2126537, 2004893, 1921345, 1954974, 2012250, 1988078, 1972577, 1912149, 1769224, 1958915]","[2090018.0, 2004630.0, 2126537.0, 2004893.0, 1921345.0, 1954974.0, 2012250.0, 1988078.0, 1972577.0, 1912149.0, 1769224.0, 1958915.0]"
1412000073,46.KDTVN 物流管理課_MP FY2027_各予定(Ver01).xlsx,52,interest,,9114120007,固定資産金利 ( lãi đất),26273.0,"[265095, 261154, 277181, 261154, 250382, 254849, 262205, 259052, 256950, 249069, 230677, 255374]","[265095.0, 261154.0, 277181.0, 261154.0, 250382.0, 254849.0, 262205.0, 259052.0, 256950.0, 249069.0, 230677.0, 255374.0]"
1412000104,47.KDTVN 工程品質管理2課_MP FY2027_各予定(Ver01).xlsx,40,interest,,9114120007,固定資産金利/Interest (建物Building) Lãi TSCĐ ( Xây dựng),26273.0,"[22906903, 21647638, 22382757, 21656308, 20968744, 21068844, 21752205, 21349965, 21271934, 20873373, 19152229, 21393053]","[22906903.0, 21647638.0, 22382757.0, 21656308.0, 20968744.0, 21068844.0, 21752205.0, 21349965.0, 21271934.0, 20873373.0, 19152229.0, 21393053.0]"
1412000104,47.KDTVN 工程品質管理2課_MP FY2027_各予定(Ver01).xlsx,41,interest,,9114120007,固定資産金利 /Interest(土地 Land) Lãi TSCĐ ( Đất),26273.0,"[2904480, 2820932, 2916566, 2821983, 2732392, 2745529, 2834594, 2782048, 2771802, 2720044, 2495672, 2787565]","[2904480.0, 2820932.0, 2916566.0, 2821983.0, 2732392.0, 2745529.0, 2834594.0, 2782048.0, 2771802.0, 2720044.0, 2495672.0, 2787565.0]"
1412000057,49.KDTVN EI1課_MP FY2027_各予定(Ver01).xlsx,41,interest,,9114120007,固定資産金利　建物,26273.0,"[2705093, 2705093, 2705093, 2705093, 2705093, 2705093, 2705093, 2705093, 2705093, 2705093, 2705093, 2705093]","[2705093.0, 2705093.0, 2705093.0, 2705093.0, 2705093.0, 2705093.0, 2705093.0, 2705093.0, 2705093.0, 2705093.0, 2705093.0, 2705093.0]"
1412000057,49.KDTVN EI1課_MP FY2027_各予定(Ver01).xlsx,42,interest,,9114120007,固定資産金利　土地使用権,26273.0,"[343018, 343018, 343018, 343018, 343018, 343018, 343018, 343018, 343018, 343018, 343018, 343018]","[343018.0, 343018.0, 343018.0, 343018.0, 343018.0, 343018.0, 343018.0, 343018.0, 343018.0, 343018.0, 343018.0, 343018.0]"
1412000078,50.KDTVN ESD1課_MP FY2027_各予定(Ver01).xlsx,41,interest,,9114120007,固定資産金利　建物,26273.0,"[2705093, 2705093, 2705093, 2705093, 2705093, 2705093, 2705093, 2705093, 2705093, 2705093, 2705093, 2705093]","[2705093.0, 2705093.0, 2705093.0, 2705093.0, 2705093.0, 2705093.0, 2705093.0, 2705093.0, 2705093.0, 2705093.0, 2705093.0, 2705093.0]"
1412000078,50.KDTVN ESD1課_MP FY2027_各予定(Ver01).xlsx,42,interest,,9114120007,固定資産金利　土地使用権,26273.0,"[343018, 343018, 343018, 343018, 343018, 343018, 343018, 343018, 343018, 343018, 343018, 343018]","[343018.0, 343018.0, 343018.0, 343018.0, 343018.0, 343018.0, 343018.0, 343018.0, 343018.0, 343018.0, 343018.0, 343018.0]"
1412000078,50.KDTVN ESD1課_MP FY2027_各予定(Ver01).xlsx,277,interest,,9114120007,RAMモニター（EVRICA) 金利0.3%,26273.0,"[298116, 298116, 298116, 298116, 298116, 298116, 298116, 298116, 298116, 298116, 298116, 298116]","[298116.0, 298116.0, 298116.0, 298116.0, 298116.0, 298116.0, 298116.0, 298116.0, 298116.0, 298116.0, 298116.0, 298116.0]"
1412000081,52.KDTVN 機器製造３課_MP FY2027_各予定(Ver01).xlsx,135,interest,,9114120007,固定資産金利 建物,26273.0,"[809053652, 759285496, 752741680, 757281655, 760826671, 759038793, 755690036, 757151078, 759664090, 761115674, 762955309, 759812270]","[809053652.0, 759285496.0, 752741680.0, 757281655.0, 760826671.0, 759038793.0, 755690036.0, 757151078.0, 759664090.0, 761115674.0, 762955309.0, 759812270.0]"
1412000081,52.KDTVN 機器製造３課_MP FY2027_各予定(Ver01).xlsx,136,interest,,9114120007,固定資産金利 土地,26273.0,"[102579776, 98940965, 98088144, 98679812, 99141691, 98908649, 98472255, 98662734, 98990096, 99179261, 99419134, 99009538]","[102579776.0, 98940965.0, 98088144.0, 98679812.0, 99141691.0, 98908649.0, 98472255.0, 98662734.0, 98990096.0, 99179261.0, 99419134.0, 99009538.0]"
1412000083,53.KDTVN MD3課_MP FY2027_各予定(Ver01).xlsx,41,interest,,9114120007,固定資産金利　建物,26273.0,"[3005630, 3005630, 3005630, 3005630, 3005630, 3005630, 3005630, 3005630, 3005630, 3005630, 3005630, 3005630]","[3005630.0, 3005630.0, 3005630.0, 3005630.0, 3005630.0, 3005630.0, 3005630.0, 3005630.0, 3005630.0, 3005630.0, 3005630.0, 3005630.0]"
1412000083,53.KDTVN MD3課_MP FY2027_各予定(Ver01).xlsx,42,interest,,9114120007,固定資産金利　土地使用権,26273.0,"[381014, 381014, 381014, 381014, 381014, 381014, 381014, 381014, 381014, 381014, 381014, 381014]","[381014.0, 381014.0, 381014.0, 381014.0, 381014.0, 381014.0, 381014.0, 381014.0, 381014.0, 381014.0, 381014.0, 381014.0]"
1412000084,54.KDTVN 生産技術3課_MP FY2027_各予定(Ver01).xlsx,49,interest,,9114120007,lãi nhà 固定資産金利（建物）,26273.0,"[""=ROUND(V49*$B$2,0)"", ""=ROUND(W49*$B$2,0)"", ""=ROUND(X49*$B$2,0)"", ""=ROUND(Y49*$B$2,0)"", ""=ROUND(Z49*$B$2,0)"", ""=ROUND(AA49*$B$2,0)"", ""=ROUND(AB49*$B$2,0)"", ""=ROUND(AC49*$B$2,0)"", ""=ROUND(AD49*$B$2,0)"", ""=ROUND(AE49*$B$2,0)"", ""=ROUND(AF49*$B$2,0)"", ""=ROUND(AG49*$B$2,0)""]","[8579711.0, 7920521.0, 7927352.0, 8157767.0, 8146732.0, 8148571.0, 8153300.0, 8150936.0, 8147520.0, 8143316.0, 8130705.0, 8147257.0]"
1412000084,54.KDTVN 生産技術3課_MP FY2027_各予定(Ver01).xlsx,50,interest,,9114120007,lãi đất 固定資産金利（土地）,26273.0,"[""=ROUND(V50*$B$2,0)"", ""=ROUND(W50*$B$2,0)"", ""=ROUND(X50*$B$2,0)"", ""=ROUND(Y50*$B$2,0)"", ""=ROUND(Z50*$B$2,0)"", ""=ROUND(AA50*$B$2,0)"", ""=ROUND(AB50*$B$2,0)"", ""=ROUND(AC50*$B$2,0)"", ""=ROUND(AD50*$B$2,0)"", ""=ROUND(AE50*$B$2,0)"", ""=ROUND(AF50*$B$2,0)"", ""=ROUND(AG50*$B$2,0)""]","[1087702.0, 1032003.0, 1033054.0, 1063006.0, 1061692.0, 1061692.0, 1062480.0, 1062217.0, 1061692.0, 1061166.0, 1059590.0, 1061692.0]"
1412000087,55.KDTVN 部品製造管理課_MP FY2027_各予定(Ver01).xlsx,46,interest,,9114120007,固定資産金利 Land & Building/ Lãi nhà & đất,26273.0,"[""=ROUNDUP(79.69*$B$2,0)"", ""=ROUNDUP(75.44*$B$2,0)"", ""=ROUNDUP(76.94*$B$2,0)"", ""=ROUNDUP(75.45*$B$2,0)"", ""=ROUNDUP(73.96*$B$2,0)"", ""=ROUNDUP(74.11*$B$2,0)"", ""=ROUNDUP(75.67*$B$2,0)"", ""=ROUNDUP(74.72*$B$2,0)"", ""=ROUNDUP(74.58*$B$2,0)"", ""=ROUNDUP(73.74*$B$2,0)"", ""=ROUNDUP(69.8*$B$2,0)"", ""=ROUNDUP(74.92*$B$2,0)""]","[2093696.0, 1982036.0, 2021445.0, 1982298.0, 1943152.0, 1947093.0, 1988078.0, 1963119.0, 1959441.0, 1937372.0, 1833856.0, 1968374.0]"
1412000088,56.KDTVN 品質管理課_MP FY2027_各予定(Ver01).xlsx,46,interest,,9114120007,Lãi suất máy móc thiết bị,26273.0,"[null, null, null, null, null, 3113351, 3113351, 3113351, 3113351, 3113351, 3113351, ""=3113351+7858254""]","[null, null, null, null, null, 3113351.0, 3113351.0, 3113351.0, 3113351.0, 3113351.0, 3113351.0, 10971605.0]"
1412000091,58.KDTVN 保安課_MP FY2027_各予定(Ver01).xlsx,117,interest,,9114120007,Tiền lãi nhà xưởng - Building Interest,26273.0,"[7781537, 7339888, 7628891, 7333057, 7035909, 7059292, 7368000, 7180148, 7153350, 6987830, 6205420, 7221660]","[7781537.0, 7339888.0, 7628891.0, 7333057.0, 7035909.0, 7059292.0, 7368000.0, 7180148.0, 7153350.0, 6987830.0, 6205420.0, 7221660.0]"
1412000091,58.KDTVN 保安課_MP FY2027_各予定(Ver01).xlsx,118,interest,,9114120007,Tiền lãi đất - Land Interest,26273.0,"[986551, 956337, 994170, 955549, 916928, 919818, 960015, 935582, 932166, 910622, 808683, 941099]","[986551.0, 956337.0, 994170.0, 955549.0, 916928.0, 919818.0, 960015.0, 935582.0, 932166.0, 910622.0, 808683.0, 941099.0]"
1412000092,59.KDTVN 部品検査2課_MP FY2027_各予定(Ver01).xlsx,47,interest,,9114120007,固定資産　建物　lãi khấu hao nhà,26273.0,"[""=ROUND(658.33*26273,0)"", ""=ROUND(621.31*26273,0)"", ""=ROUND(629*26273,0)"", ""=ROUND(626.48*26273,0)"", ""=ROUND(618.51*26273,0)"", ""=ROUND(619.35*26273,0)"", ""=ROUND(627.66*26273,0)"", ""=ROUND(622.62*26273,0)"", ""=ROUND(621.81*26273,0)"", ""=ROUND(617.37*26273,0)"", ""=ROUND(696.43*26273,0)"", ""=ROUND(623.64*26273,0)""]","[17296304.0, 16323678.0, 16525717.0, 16459509.0, 16250113.0, 16272183.0, 16490511.0, 16358095.0, 16336814.0, 16220162.0, 18297305.0, 16384894.0]"
1412000092,59.KDTVN 部品検査2課_MP FY2027_各予定(Ver01).xlsx,48,interest,,9114120007,固定資産　土地 lãi khẫu hao đất,26273.0,"[""=ROUND(83.47*26273,0)"", ""=ROUND(80.96*26273,0)"", ""=ROUND(81.96*26273,0)"", ""=ROUND(81.63*26273,0)"", ""=ROUND(80.6*26273,0)"", ""=ROUND(80.71*26273,0)"", ""=ROUND(81.79*26273,0)"", ""=ROUND(81.13*26273,0)"", ""=ROUND(81.03*26273,0)"", ""=ROUND(80.45*26273,0)"", ""=ROUND(77.72*26273,0)"", ""=ROUND(81.27*26273,0)""]","[2193007.0, 2127062.0, 2153335.0, 2144665.0, 2117604.0, 2120494.0, 2148869.0, 2131528.0, 2128901.0, 2113663.0, 2041938.0, 2135207.0]"
1412000092,59.KDTVN 部品検査2課_MP FY2027_各予定(Ver01).xlsx,51,interest,,9114120007,"Lãi suất chi phí cố định dụng cụ đo
納入された時のﾚｰﾄで購入金額算出*0.3%
5月:マイクロスコープ(Kính phòng đại) : 59.109 USD *0.003月 = 177.327 $/月
      画像検査機 (Máy kiểm tra hình ảnh): 7.616 USD*0.003 月= 22.848 $/月
     
8月: NX-CMM (phần mềm NX)  : 20.000 USD*0.003月 =60 $/月
9月 : 画像検査機-Máy kiểm tra hình ảnh : 53.000 USD *0.003月= 159.0 $/月
11月:3Dハンディスキャン- Máy quét 3D cầm tay: 41.463 USD*0.003月=124.389 $/月
12月:自動固定JIG- JIG đo tự động : 11.423 USD*0.003 月=34.269 $/月",26273.0,"[0, ""=ROUND(200.175*26273,0)"", ""=ROUND(200.175*26273,0)"", ""=ROUND(200.175*26273,0)"", ""=ROUND(260.357*26273,0)"", ""=ROUND(419.175*26273,0)"", ""=ROUND(419.175*26273,0)"", ""=ROUND(543.564*26273,0)"", ""=ROUND(577.833*26273,0)"", ""=ROUND(577.833*26273,0)"", ""=ROUND(577.833*26273,0)"", ""=ROUND(577.833*26273,0)""]","[0.0, 5259198.0, 5259198.0, 5259198.0, 6840359.0, 11012985.0, 11012985.0, 14281057.0, 15181406.0, 15181406.0, 15181406.0, 15181406.0]"
1412000093,60.KDTVN リスクマネジメント課_MP FY2027_各予定(Ver01) 1 1.xlsx,161,interest,,9114120007,Building Interest,26273.0,"[2593408, 2448906, 2410810, 2404768, 2402666, 2371138, 2369299, 2368248, 2381122, 2379546, 2368774, 2381122]","[2593408.0, 2448906.0, 2410810.0, 2404768.0, 2402666.0, 2371138.0, 2369299.0, 2368248.0, 2381122.0, 2379546.0, 2368774.0, 2381122.0]"
1412000093,60.KDTVN リスクマネジメント課_MP FY2027_各予定(Ver01) 1 1.xlsx,162,interest,,9114120007,Land Interest,26273.0,"[328938, 319217, 314225, 313437, 313174, 308970, 308708, 308708, 310284, 310021, 308708, 310284]","[328938.0, 319217.0, 314225.0, 313437.0, 313174.0, 308970.0, 308708.0, 308708.0, 310284.0, 310021.0, 308708.0, 310284.0]"
1412000094,61.KDTVN 部品在庫管理課_MP FY2027_各予定(Ver01).xlsx,42,interest,,9114120007,固定資産金利（建物）,26273.0,"[""=ROUND(26.52*$T$3,0)"", ""=ROUND(25.43*$T$3,0)"", ""=ROUND(26.98*$T$3,0)"", ""=ROUND(25.44*$T$3,0)"", ""=ROUND(24.38*$T$3,0)"", ""=ROUND(24.8*$T$3,0)"", ""=ROUND(25.53*$T$3,0)"", ""=ROUND(25.22*$T$3,0)"", ""=ROUND(25.03*$T$3,0)"", ""=ROUND(24.26*$T$3,0)"", ""=ROUND(22.45*$T$3,0)"", ""=ROUND(24.85*$T$3,0)""]","[696760.0, 668122.0, 708846.0, 668385.0, 640536.0, 651570.0, 670750.0, 662605.0, 657613.0, 637383.0, 589829.0, 652884.0]"
1412000094,61.KDTVN 部品在庫管理課_MP FY2027_各予定(Ver01).xlsx,43,interest,,9114120007,固定資産金利（土地）,26273.0,"[""=ROUND(3.36*$T$3,0)"", ""=ROUND(3.31*$T$3,0)"", ""=ROUND(3.52*$T$3,0)"", ""=ROUND(3.31*$T$3,0)"", ""=ROUND(3.18*$T$3,0)"", ""=ROUND(3.23*$T$3,0)"", ""=ROUND(3.33*$T$3,0)"", ""=ROUND(3.29*$T$3,0)"", ""=ROUND(3.26*$T$3,0)"", ""=ROUND(3.16*$T$3,0)"", ""=ROUND(2.93*$T$3,0)"", ""=ROUND(3.24*$T$3,0)""]","[88277.0, 86964.0, 92481.0, 86964.0, 83548.0, 84862.0, 87489.0, 86438.0, 85650.0, 83023.0, 76980.0, 85125.0]"
1412000094,61.KDTVN 部品在庫管理課_MP FY2027_各予定(Ver01).xlsx,70,interest,,9114120007,固定資産金利 Lãi suất TSCĐ máy đọc barcode,26273.0,"[""=ROUND(3.83*$T$3,0)"", ""=ROUND(2.66*$T$3,0)"", ""=ROUND(2.66*$T$3,0)"", ""=ROUND(2.66*$T$3,0)"", ""=ROUND(2.66*$T$3,0)"", ""=ROUND(2.66*$T$3,0)"", ""=ROUND(2.66*$T$3,0)"", ""=ROUND(2.66*$T$3,0)"", ""=ROUND(2.66*$T$3,0)"", ""=ROUND(2.66*$T$3,0)"", ""=ROUND(2.66*$T$3,0)"", ""=ROUND(2.66*$T$3,0)""]","[100626.0, 69886.0, 69886.0, 69886.0, 69886.0, 69886.0, 69886.0, 69886.0, 69886.0, 69886.0, 69886.0, 69886.0]"
1412000096,63.KDTVN ESD2課_MP FY2027_各予定(Ver01).xlsx,41,interest,,9114120007,固定資産金利　建物,26273.0,"[3907503, 3907503, 3907503, 3907503, 3907503, 3907503, 3907503, 3907503, 3907503, 3907503, 3907503, 3907503]","[3907503.0, 3907503.0, 3907503.0, 3907503.0, 3907503.0, 3907503.0, 3907503.0, 3907503.0, 3907503.0, 3907503.0, 3907503.0, 3907503.0]"
1412000096,63.KDTVN ESD2課_MP FY2027_各予定(Ver01).xlsx,42,interest,,9114120007,固定資産金利　土地使用権,26273.0,"[495530, 495530, 495530, 495530, 495530, 495530, 495530, 495530, 495530, 495530, 495530, 495530]","[495530.0, 495530.0, 495530.0, 495530.0, 495530.0, 495530.0, 495530.0, 495530.0, 495530.0, 495530.0, 495530.0, 495530.0]"
1412000096,63.KDTVN ESD2課_MP FY2027_各予定(Ver01).xlsx,228,interest,,9114120007,Saleae Logic 8 Pro  金利,26273.0,"[108900, 108900, 108900, 108900, 108900, 108900, 108900, 108900, 108900, 108900, 108900, 108900]","[108900.0, 108900.0, 108900.0, 108900.0, 108900.0, 108900.0, 108900.0, 108900.0, 108900.0, 108900.0, 108900.0, 108900.0]"
1412000098,64.KDTVN 電工製造課_MP FY2027_各予定(Ver01).xlsx,82,interest,,9114120007,生産用の固定資産（生産管理＋電工製造）　Lãi thiết bị ,26273.0,"[5529153, 5529153, 5529153, 5529153, 5529153, 5529153, 5529153, 5529153, 5529153, 5529153, 5529153, 5529153]","[5529153.0, 5529153.0, 5529153.0, 5529153.0, 5529153.0, 5529153.0, 5529153.0, 5529153.0, 5529153.0, 5529153.0, 5529153.0, 5529153.0]"
1412000098,64.KDTVN 電工製造課_MP FY2027_各予定(Ver01).xlsx,85,interest,,9114120007,建物金利 Bulding ,26273.0,"[91130528, 86022268, 86237444, 86025158, 85811559, 85833891, 86056686, 85921643, 85899836, 85596383, 85069084, 85754284]","[91130528.0, 86022268.0, 86237444.0, 86025158.0, 85811559.0, 85833891.0, 86056686.0, 85921643.0, 85899836.0, 85596383.0, 85069084.0, 85754284.0]"
1412000098,64.KDTVN 電工製造課_MP FY2027_各予定(Ver01).xlsx,86,interest,,9114120007,土地金利 Land,26273.0,"[11554340, 11209375, 11237488, 11209638, 11181789, 11184942, 11213842, 11196239, 11193349, 11153939, 11085104, 11174432]","[11554340.0, 11209375.0, 11237488.0, 11209638.0, 11181789.0, 11184942.0, 11213842.0, 11196239.0, 11193349.0, 11153939.0, 11085104.0, 11174432.0]"
1412000099,65.KDTVN MD4課_MP FY2027_各予定(Ver01).xlsx,41,interest,,9114120007,固定資産金利　建物,26273.0,"[5109649, 5109649, 5109649, 5109649, 5109649, 5109649, 5109649, 5109649, 5109649, 5109649, 5109649, 5109649]","[5109649.0, 5109649.0, 5109649.0, 5109649.0, 5109649.0, 5109649.0, 5109649.0, 5109649.0, 5109649.0, 5109649.0, 5109649.0, 5109649.0]"
1412000099,65.KDTVN MD4課_MP FY2027_各予定(Ver01).xlsx,42,interest,,9114120007,固定資産金利　土地使用権,26273.0,"[647776, 647776, 647776, 647776, 647776, 647776, 647776, 647776, 647776, 647776, 647776, 647776]","[647776.0, 647776.0, 647776.0, 647776.0, 647776.0, 647776.0, 647776.0, 647776.0, 647776.0, 647776.0, 647776.0, 647776.0]"
1412000101,66.KDTVN EI2課_MP FY2027_各予定(Ver01).xlsx,41,interest,,9114120007,固定資産金利　建物,26273.0,"[3005630, 3005630, 3005630, 3005630, 3005630, 3005630, 3005630, 3005630, 3005630, 3005630, 3005630, 3005630]","[3005630.0, 3005630.0, 3005630.0, 3005630.0, 3005630.0, 3005630.0, 3005630.0, 3005630.0, 3005630.0, 3005630.0, 3005630.0, 3005630.0]"
1412000101,66.KDTVN EI2課_MP FY2027_各予定(Ver01).xlsx,42,interest,,9114120007,固定資産金利　土地使用権,26273.0,"[381014, 381014, 381014, 381014, 381014, 381014, 381014, 381014, 381014, 381014, 381014, 381014]","[381014.0, 381014.0, 381014.0, 381014.0, 381014.0, 381014.0, 381014.0, 381014.0, 381014.0, 381014.0, 381014.0, 381014.0]"
1412000100,68.KDTVN MD5課_MP FY2027_各予定(Ver01).xlsx,41,interest,,9114120007,固定資産金利　建物,26273.0,"[2404557, 2404557, 2404557, 2404557, 2404557, 2404557, 2404557, 2404557, 2404557, 2404557, 2404557, 2404557]","[2404557.0, 2404557.0, 2404557.0, 2404557.0, 2404557.0, 2404557.0, 2404557.0, 2404557.0, 2404557.0, 2404557.0, 2404557.0, 2404557.0]"
1412000100,68.KDTVN MD5課_MP FY2027_各予定(Ver01).xlsx,42,interest,,9114120007,固定資産金利　土地使用権,26273.0,"[304759, 304759, 304759, 304759, 304759, 304759, 304759, 304759, 304759, 304759, 304759, 304759]","[304759.0, 304759.0, 304759.0, 304759.0, 304759.0, 304759.0, 304759.0, 304759.0, 304759.0, 304759.0, 304759.0, 304759.0]"
1412000103,69.KDTVN 部品管理2課_MP FY2027_各予定(Ver01).xlsx,53,interest,,9114120007,lãi nhà xưởng,26273.0,"[868151088, 819456710, 820440896, 819336905, 818314360, 818182732, 819148527, 818465692, 818296757, 817676451, 815119300, 818379254]","[868151088.0, 819456710.0, 820440896.0, 819336905.0, 818314360.0, 818182732.0, 819148527.0, 818465692.0, 818296757.0, 817676451.0, 815119300.0, 818379254.0]"
1412000103,69.KDTVN 部品管理2課_MP FY2027_各予定(Ver01).xlsx,54,interest,,9114120007,lãi đất,26273.0,"[110072836, 106781617, 106909829, 106766116, 106632649, 106615572, 106741419, 106652617, 106630547, 106549627, 106216485, 106641319]","[110072836.0, 106781617.0, 106909829.0, 106766116.0, 106632649.0, 106615572.0, 106741419.0, 106652617.0, 106630547.0, 106549627.0, 106216485.0, 106641319.0]"
1412000103,69.KDTVN 部品管理2課_MP FY2027_各予定(Ver01).xlsx,85,interest,,9114120007,Lãi xe Forklit,26273.0,"[558301, 257738, 257738, 257738, 257738, 257738, 257738, 257738, 257738, 257738, 257738, 0]","[558301.0, 257738.0, 257738.0, 257738.0, 257738.0, 257738.0, 257738.0, 257738.0, 257738.0, 257738.0, 257738.0, 0.0]"
1412000103,69.KDTVN 部品管理2課_MP FY2027_各予定(Ver01).xlsx,86,interest,,9114120007,Lãi  xe nâng tay điện,26273.0,"[466083, 244864, 244864, 244864, 244864, 244864, 244864, 244864, 244864, 244864, 244864, 244864]","[466083.0, 244864.0, 244864.0, 244864.0, 244864.0, 244864.0, 244864.0, 244864.0, 244864.0, 244864.0, 244864.0, 244864.0]"
1412000103,69.KDTVN 部品管理2課_MP FY2027_各予定(Ver01).xlsx,88,interest,,9114120007,Lãi kho tự động,26273.0,"[74002108, 62469312, 62469312, 62469312, 62469312, 62469312, 62469312, 62469312, 62469312, 62469312, 62469312, 62469312]","[74002108.0, 62469312.0, 62469312.0, 62469312.0, 62469312.0, 62469312.0, 62469312.0, 62469312.0, 62469312.0, 62469312.0, 62469312.0, 62469312.0]"
1412000103,69.KDTVN 部品管理2課_MP FY2027_各予定(Ver01).xlsx,89,interest,,9114120007,Lãi phần mềm kho tự động,26273.0,"[620305, 182334, 182334, 182334, 182334, 0, 0, 0, 0, 0, 0, 0]","[620305.0, 182334.0, 182334.0, 182334.0, 182334.0, 0.0, 0.0, 0.0, 0.0, 0.0, 0.0, 0.0]"
1412000103,69.KDTVN 部品管理2課_MP FY2027_各予定(Ver01).xlsx,90,interest,,9114120007,Lãi khấu hao Băng tải thùng rỗng(445.000 USD- T 9),26273.0,"[23795193, 20225743, 20225743, 20225743, 20225743, 20225743, 20225743, 20225743, 20225743, 20225743, 20225743, 20225743]","[23795193.0, 20225743.0, 20225743.0, 20225743.0, 20225743.0, 20225743.0, 20225743.0, 20225743.0, 20225743.0, 20225743.0, 20225743.0, 20225743.0]"
1412000103,69.KDTVN 部品管理2課_MP FY2027_各予定(Ver01).xlsx,91,interest,,9114120007,Lãi Kho tự động T3,26273.0,"[95682587, 86033828, 86033828, 86033828, 86033828, 86033828, 86033828, 86033828, 86033828, 86033828, 86033828, 86033828]","[95682587.0, 86033828.0, 86033828.0, 86033828.0, 86033828.0, 86033828.0, 86033828.0, 86033828.0, 86033828.0, 86033828.0, 86033828.0, 86033828.0]"
1412000103,69.KDTVN 部品管理2課_MP FY2027_各予定(Ver01).xlsx,92,interest,,9114120007,Lãi  hệ thống 4 băng tải dọc 2F,26273.0,"[3095484, 2296785, 2296785, 2296785, 2296785, 2296785, 2296785, 2296785, 2296785, 2296785, 2296785, 2296785]","[3095484.0, 2296785.0, 2296785.0, 2296785.0, 2296785.0, 2296785.0, 2296785.0, 2296785.0, 2296785.0, 2296785.0, 2296785.0, 2296785.0]"
1412000105,70.KDTVN 工程品質管理3課_MP FY2027_各予定(Ver01).xlsx,41,interest,,9114120007,固定資産金利/Interest (建物Building) Lãi TSCĐ ( Xây dựng),26273.0,"[5400152, 5104581, 5207309, 5105632, 5013677, 5029966, 5117980, 5067274, 5056239, 5001066, 4779584, 5068587]","[5400152.0, 5104581.0, 5207309.0, 5105632.0, 5013677.0, 5029966.0, 5117980.0, 5067274.0, 5056239.0, 5001066.0, 4779584.0, 5068587.0]"
1412000105,70.KDTVN 工程品質管理3課_MP FY2027_各予定(Ver01).xlsx,42,interest,,9114120007,固定資産金利 /Interest(土地 Land) Lãi TSCĐ ( Đất),26273.0,"[684674, 665232, 678632, 665232, 653410, 655511, 666809, 660240, 658927, 651570, 622933, 660503]","[684674.0, 665232.0, 678632.0, 665232.0, 653410.0, 655511.0, 666809.0, 660240.0, 658927.0, 651570.0, 622933.0, 660503.0]"
1412000075,71.KDTVN 工程品質管理4課_MP FY2027_各予定(Ver01).xlsx,42,interest,,9114120007,固定資産金利 Interest(建物) Lãi Buiding (Tháng 5 hàng năm tính lại),26273.0,"[1811523, 1870900, 1984662, 1871163, 1793395, 1824660, 1878257, 1855662, 1840949, 1784725, 1651521, 1828338]","[1811523.0, 1870900.0, 1984662.0, 1871163.0, 1793395.0, 1824660.0, 1878257.0, 1855662.0, 1840949.0, 1784725.0, 1651521.0, 1828338.0]"
1412000075,71.KDTVN 工程品質管理4課_MP FY2027_各予定(Ver01).xlsx,43,interest,,9114120007,固定資産金利 Interest(土地) Lãi Đất,26273.0,"[229626, 243813, 258526, 243813, 233567, 237771, 244864, 241712, 239872, 232516, 215176, 238296]","[229626.0, 243813.0, 258526.0, 243813.0, 233567.0, 237771.0, 244864.0, 241712.0, 239872.0, 232516.0, 215176.0, 238296.0]"
1412000106,72.KDTVN 製造システム開発課_MP FY2027_各予定(Ver01).xlsx,50,interest,,9114120007,固定資産金利（建物）,26273.0,"[""=ROUND(78.45*$B$2,0)"", ""=ROUND(74.44*$B$2,0)"", ""=ROUND(75.42*$B$2,0)"", ""=ROUND(71.28*$B$2,0)"", ""=ROUND(68.95*$B$2,0)"", ""=ROUND(69.89*$B$2,0)"", ""=ROUND(71.49*$B$2,0)"", ""=ROUND(70.81*$B$2,0)"", ""=ROUND(70.38*$B$2,0)"", ""=ROUND(68.34*$B$2,0)"", ""=ROUND(64.35*$B$2,0)"", ""=ROUND(69.64*$B$2,0)""]","[2061117.0, 1955762.0, 1981510.0, 1872739.0, 1811523.0, 1836220.0, 1878257.0, 1860391.0, 1849094.0, 1795497.0, 1690668.0, 1829652.0]"
1412000106,72.KDTVN 製造システム開発課_MP FY2027_各予定(Ver01).xlsx,51,interest,,9114120007,固定資産金利（土地）,26273.0,"[""=ROUND(9.95*$B$2,0)"", ""=ROUND(9.7*$B$2,0)"", ""=ROUND(9.83*$B$2,0)"", ""=ROUND(9.29*$B$2,0)"", ""=ROUND(8.99*$B$2,0)"", ""=ROUND(9.11*$B$2,0)"", ""=ROUND(9.32*$B$2,0)"", ""=ROUND(9.23*$B$2,0)"", ""=ROUND(9.17*$B$2,0)"", ""=ROUND(8.91*$B$2,0)"", ""=ROUND(8.39*$B$2,0)"", ""=ROUND(9.08*$B$2,0)""]","[261416.0, 254848.0, 258264.0, 244076.0, 236194.0, 239347.0, 244864.0, 242500.0, 240923.0, 234092.0, 220430.0, 238559.0]"
1412000039,73.KDTVN 製造技術管理課_MP FY2027_各予定(Ver01).xlsx,50,interest,,9114120007,固定資産金利（建物）,26273.0,"[""=ROUND($B$2*56.41,0)"", ""=ROUND($B$2*63.97,0)"", ""=ROUND($B$2*64.76,0)"", ""=ROUND($B$2*61.38,0)"", ""=ROUND($B$2*59.48,0)"", ""=ROUND($B$2*60.24,0)"", ""=ROUND($B$2*61.55,0)"", ""=ROUND($B$2*61,0)"", ""=ROUND($B$2*60.64,0)"", ""=ROUND($B$2*58.97,0)"", ""=ROUND($B$2*55.71,0)"", ""=ROUND($B$2*60.04,0)""]","[1482060.0, 1680684.0, 1701439.0, 1612637.0, 1562718.0, 1582686.0, 1617103.0, 1602653.0, 1593195.0, 1549319.0, 1463669.0, 1577431.0]"
1412000039,73.KDTVN 製造技術管理課_MP FY2027_各予定(Ver01).xlsx,51,interest,,9114120007,固定資産金利（土地）,26273.0,"[""=ROUND($B$2*7.15,0)"", ""=ROUND($B$2*8.34,0)"", ""=ROUND($B$2*8.44,0)"", ""=ROUND($B$2*8,0)"", ""=ROUND($B$2*7.75,0)"", ""=ROUND($B$2*7.85,0)"", ""=ROUND($B$2*8.02,0)"", ""=ROUND($B$2*7.95,0)"", ""=ROUND($B$2*7.9,0)"", ""=ROUND($B$2*7.68,0)"", ""=ROUND($B$2*7.26,0)"", ""=ROUND($B$2*7.82,0)""]","[187852.0, 219117.0, 221744.0, 210184.0, 203616.0, 206243.0, 210709.0, 208870.0, 207557.0, 201777.0, 190742.0, 205455.0]"
