cc_code,file,row,account_code,description,nonblank_months,formulas,values_vnd
1412000004,01.KDTVN 機器製造1課　_MP FY2027_各予定(Ver01).xlsx,101,5004086291,"制服 ,靴, 帽子が壊れた時に交換する。Đổi đồng phục",12,"[10000000, 10000000, 10000000, 10000000, 10000000, 10000000, 10000000, 10000000, 10000000, 10000000, 10000000, 10000000]","[10000000.0, 10000000.0, 10000000.0, 10000000.0, 10000000.0, 10000000.0, 10000000.0, 10000000.0, 10000000.0, 10000000.0, 10000000.0, 10000000.0]"
1412000004,01.KDTVN 機器製造1課　_MP FY2027_各予定(Ver01).xlsx,123,5004086291,"新人の 制服 (T1+2: đông (733000), T5+6+7+8+9: hè(713000), T10-11-12-3-4: đông hè(1063000)",4,"[null, null, null, null, ""=95*713000"", null, null, null, ""=19*1063000"", ""=112*733000"", ""=559*733000"", null]","[null, null, null, null, 67735000.0, null, null, null, 20197000.0, 82096000.0, 409747000.0, null]"
1412000005,02.KDTVN 機器製造２課　_MP FY2027_各予定(Ver01).xlsx,98,5004086291,"制服 ,靴, 帽子が壊れた時に交換する。Đổi đồng phục",12,"[10000000, 10000000, 10000000, 10000000, 10000000, 10000000, 10000000, 10000000, 10000000, 10000000, 10000000, 10000000]","[10000000.0, 10000000.0, 10000000.0, 10000000.0, 10000000.0, 10000000.0, 10000000.0, 10000000.0, 10000000.0, 10000000.0, 10000000.0, 10000000.0]"
1412000005,02.KDTVN 機器製造２課　_MP FY2027_各予定(Ver01).xlsx,120,5004086291,"新人の 制服 (T1+2: đông (733000), T5+6+7+8+9: hè(713000), T10-11-12-3-4: đông hè(1063000)",3,"[null, null, null, null, ""=19*713000"", null, null, null, null, ""=188*733000"", ""=583*733000"", null]","[null, null, null, null, 13547000.0, null, null, null, null, 137804000.0, 427339000.0, null]"
1412000062,03.KDTVN 機器製造管理課_MP FY2027_各予定(Ver01).xlsx,51,5004086291,"制服 ,靴, 帽子が壊れた時に交換する。Đổi đồng phục",0,"[null, null, null, null, null, null, null, null, null, null, null, null]","[null, null, null, null, null, null, null, null, null, null, null, null]"
1412000062,03.KDTVN 機器製造管理課_MP FY2027_各予定(Ver01).xlsx,52,5004086291,Đồng phục mới,0,"[null, null, null, null, null, null, null, null, null, null, null, null]","[null, null, null, null, null, null, null, null, null, null, null, null]"
1412000034,04.KDTVN トナー製造課_MP FY2027_各予定(Ver01).xlsx,78,5004086291, 新人の制服 Đồng phục CN mới,11,"[0, 2144000, null, 2144000, 10720000, 0, 24656000, 0, 0, 0, 0, 0]","[0.0, 2144000.0, null, 2144000.0, 10720000.0, 0.0, 24656000.0, 0.0, 0.0, 0.0, 0.0, 0.0]"
1412000034,04.KDTVN トナー製造課_MP FY2027_各予定(Ver01).xlsx,148,5004086291,制服 Đồng phục CN cũ,12,"[5000000, 5000000, 5000000, 5000000, 5000000, 5000000, 5000000, 5000000, 5000000, 5000000, 5000000, 5000000]","[5000000.0, 5000000.0, 5000000.0, 5000000.0, 5000000.0, 5000000.0, 5000000.0, 5000000.0, 5000000.0, 5000000.0, 5000000.0, 5000000.0]"
1412000048,05.KDTVN トナー生産技術課_MP FY2027_各予定(Ver01).xlsx,55,5004086291,Đồng phục 制服,12,"[146760, 146760, 146760, 146760, 146760, 146760, 146760, 146760, 146760, 146760, 146760, 146760]","[146760.0, 146760.0, 146760.0, 146760.0, 146760.0, 146760.0, 146760.0, 146760.0, 146760.0, 146760.0, 146760.0, 146760.0]"
1412000055,06.KDTVN トナー品質管理課　_MP FY2027_各予定(Ver01).xlsx,52,5004086291,Đồng phục 制服,12,"[146760, 146760, 146760, 146760, 146760, 146760, 146760, 146760, 146760, 146760, 146760, 146760]","[146760.0, 146760.0, 146760.0, 146760.0, 146760.0, 146760.0, 146760.0, 146760.0, 146760.0, 146760.0, 146760.0, 146760.0]"
1412000050,07.KDTVN MD1課_MP FY2027_各予定(Ver01).xlsx,110,5004086291,新入社員　 制服上着(夏服)　       x2枚/人,12,"[0, 0, 0, 0, 990000, 0, 0, 0, 0, 0, 0, 0]","[0.0, 0.0, 0.0, 0.0, 990000.0, 0.0, 0.0, 0.0, 0.0, 0.0, 0.0, 0.0]"
1412000050,07.KDTVN MD1課_MP FY2027_各予定(Ver01).xlsx,111,5004086291,新入社員　制服上着(冬服)　        x2枚/人,12,"[0, 0, 0, 0, 0, 0, 1050000, 0, 0, 0, 0, 0]","[0.0, 0.0, 0.0, 0.0, 0.0, 0.0, 1050000.0, 0.0, 0.0, 0.0, 0.0, 0.0]"
1412000050,07.KDTVN MD1課_MP FY2027_各予定(Ver01).xlsx,112,5004086291,新入社員　 制服(ズボン)　 　x2枚/人,12,"[0, 0, 0, 0, 696000, 0, 0, 0, 0, 0, 0, 0]","[0.0, 0.0, 0.0, 0.0, 696000.0, 0.0, 0.0, 0.0, 0.0, 0.0, 0.0, 0.0]"
1412000050,07.KDTVN MD1課_MP FY2027_各予定(Ver01).xlsx,182,5004086291,制服上着（夏服）,12,"[0, 0, 0, 0, 0, 0, 0, 0, 0, 0, 0, 0]","[0.0, 0.0, 0.0, 0.0, 0.0, 0.0, 0.0, 0.0, 0.0, 0.0, 0.0, 0.0]"
1412000050,07.KDTVN MD1課_MP FY2027_各予定(Ver01).xlsx,183,5004086291,制服上着（冬服）,12,"[0, 0, 0, 0, 0, 0, 0, 0, 0, 0, 0, 0]","[0.0, 0.0, 0.0, 0.0, 0.0, 0.0, 0.0, 0.0, 0.0, 0.0, 0.0, 0.0]"
1412000050,07.KDTVN MD1課_MP FY2027_各予定(Ver01).xlsx,184,5004086291,制服ズボン,12,"[0, 0, 0, 0, 0, 0, 0, 0, 0, 0, 0, 0]","[0.0, 0.0, 0.0, 0.0, 0.0, 0.0, 0.0, 0.0, 0.0, 0.0, 0.0, 0.0]"
1412000077,08.KDTVN MD2課_MP FY2027_各予定(Ver01).xlsx,111,5004086291,新入社員　 制服上着(夏服)　       x2枚/人,12,"[0, 0, 0, 0, 0, 0, 0, 0, 0, 0, 0, 0]","[0.0, 0.0, 0.0, 0.0, 0.0, 0.0, 0.0, 0.0, 0.0, 0.0, 0.0, 0.0]"
1412000077,08.KDTVN MD2課_MP FY2027_各予定(Ver01).xlsx,112,5004086291,新入社員　制服上着(冬服)　        x2枚/人,12,"[0, 0, 0, 0, 0, 0, 0, 0, 0, 0, 0, 0]","[0.0, 0.0, 0.0, 0.0, 0.0, 0.0, 0.0, 0.0, 0.0, 0.0, 0.0, 0.0]"
1412000077,08.KDTVN MD2課_MP FY2027_各予定(Ver01).xlsx,113,5004086291,新入社員　 制服(ズボン)　 　x2枚/人,12,"[0, 0, 0, 0, 0, 0, 0, 0, 0, 0, 0, 0]","[0.0, 0.0, 0.0, 0.0, 0.0, 0.0, 0.0, 0.0, 0.0, 0.0, 0.0, 0.0]"
1412000077,08.KDTVN MD2課_MP FY2027_各予定(Ver01).xlsx,183,5004086291,制服上着（夏服）,12,"[0, 0, 0, 0, 0, 0, 0, 0, 0, 0, 0, 0]","[0.0, 0.0, 0.0, 0.0, 0.0, 0.0, 0.0, 0.0, 0.0, 0.0, 0.0, 0.0]"
1412000077,08.KDTVN MD2課_MP FY2027_各予定(Ver01).xlsx,184,5004086291,制服上着（冬服）,12,"[0, 0, 0, 0, 0, 0, 0, 0, 0, 0, 0, 0]","[0.0, 0.0, 0.0, 0.0, 0.0, 0.0, 0.0, 0.0, 0.0, 0.0, 0.0, 0.0]"
1412000077,08.KDTVN MD2課_MP FY2027_各予定(Ver01).xlsx,185,5004086291,制服ズボン,12,"[0, 0, 0, 0, 0, 0, 0, 0, 0, 0, 0, 0]","[0.0, 0.0, 0.0, 0.0, 0.0, 0.0, 0.0, 0.0, 0.0, 0.0, 0.0, 0.0]"
1412000053,09.KDTVN 工程品質管理1課_MP FY2027_各予定(Ver01).xlsx,98,5004086291,"制服 ,靴, 帽子を交換する Đổi đồng phục",12,"[350000, 350000, 350000, 600000, 350000, 350000, 500000, 350000, 350000, 350000, 350000, 350000]","[350000.0, 350000.0, 350000.0, 600000.0, 350000.0, 350000.0, 500000.0, 350000.0, 350000.0, 350000.0, 350000.0, 350000.0]"
1412000008,10.KDTVN 生産管理課_MP FY2027_各予定(Ver01).xlsx,67,5004086291,"制服・夏 Uniforms summer  +(new people),Thay áo ngắn tay mới,Dài tay mới",0,"[null, null, null, null, null, null, null, null, null, null, null, null]","[null, null, null, null, null, null, null, null, null, null, null, null]"
1412000008,10.KDTVN 生産管理課_MP FY2027_各予定(Ver01).xlsx,68,5004086291,"制服・ズボン Trouser+(new people):HươngT5,Loan T4,Phuong T10,hữu T4",3,"[""=116000*2"", 116000, null, null, null, null, 116000, null, null, null, null, null]","[232000.0, 116000.0, null, null, null, null, 116000.0, null, null, null, null, null]"
1412000008,10.KDTVN 生産管理課_MP FY2027_各予定(Ver01).xlsx,69,5004086291, 制服・冬Winter uniforms +(new people),0,"[null, null, null, null, null, null, null, null, null, null, null, null]","[null, null, null, null, null, null, null, null, null, null, null, null]"
1412000010,11.KDTVN 採算管理課_MP FY2027_各予定(Ver01).xlsx,52,5004086291,"制服交換 ( Đổi đồng phục )
制服（夏）(165,000ドン）：
制服（冬）　（175，000ドン）：
制服ズボン　（116，000ドン）：7月 12月 3月
シューズ（女性）　（82，000ドン）：, 6月(H) ,8月 (D) ,11月 (T) ,
シューズ（男性）　（84，000ドン）：4月(a Thnh ) ; 10月 (a Thch ) ,",10,"[84000, null, 82000, 116000, 82000, 116000, 84000, 82000, 116000, 82000, null, 116000]","[84000.0, null, 82000.0, 116000.0, 82000.0, 116000.0, 84000.0, 82000.0, 116000.0, 82000.0, null, 116000.0]"
1412000054,12.KDTVN マスター管理課_MP FY2027_各予定(Ver01).xlsx,124,5004086291,"Đồng phục ngắn tay 165.000/chiếc, dự tính 3",3,"[null, 165000, 165000, 165000, null, null, null, null, null, null, null, null]","[null, 165000.0, 165000.0, 165000.0, null, null, null, null, null, null, null, null]"
1412000054,12.KDTVN マスター管理課_MP FY2027_各予定(Ver01).xlsx,125,5004086291,"Đồng phục dài tay 175.000/chiếc, dự tính 3",3,"[null, null, null, null, null, null, null, 175000, 175000, 175000, null, null]","[null, null, null, null, null, null, null, 175000.0, 175000.0, 175000.0, null, null]"
1412000036,13.KDTVN 部品管理1課_MP FY2027_各予定(Ver01).xlsx,87,5004086291,Đồng phục người mới,12,"[1438500, 1088500, 1088500, 0, 0, 0, 0, 1438500, 1438500, 1160500, 1438500, 0]","[1438500.0, 1088500.0, 1088500.0, 0.0, 0.0, 0.0, 0.0, 1438500.0, 1438500.0, 1160500.0, 1438500.0, 0.0]"
1412000036,13.KDTVN 部品管理1課_MP FY2027_各予定(Ver01).xlsx,88,5004086291,Chí phí phát sinh đổi đồng phục trong tháng　制服振替金額,12,"[4500000, 4500000, 4500000, 4500000, 4500000, 4500000, 4500000, 4500000, 4500000, 4500000, 4500000, 4500000]","[4500000.0, 4500000.0, 4500000.0, 4500000.0, 4500000.0, 4500000.0, 4500000.0, 4500000.0, 4500000.0, 4500000.0, 4500000.0, 4500000.0]"
1412000040,16.KDTVN 電気製造技術課_MP FY2027_各予定(Ver01).xlsx,271,5004086291,"制服(冬)：175,000 　",3,"[null, null, null, null, ""=1*175000"", null, ""=175000*2"", null, ""=1*175000"", null, null, null]","[null, null, null, null, 175000.0, null, 350000.0, null, 175000.0, null, null, null]"
1412000040,16.KDTVN 電気製造技術課_MP FY2027_各予定(Ver01).xlsx,272,5004086291,"制服(夏)：165,000",4,"[null, null, ""=1*165000"", ""=165000*2"", null, ""=1*165000"", null, null, null, ""=1*165000"", null, null]","[null, null, 165000.0, 330000.0, null, 165000.0, null, null, null, 165000.0, null, null]"
1412000040,16.KDTVN 電気製造技術課_MP FY2027_各予定(Ver01).xlsx,273,5004086291,"制服ズボン:116,000",5,"[null, ""=1*116000"", null, ""=116000*2"", null, ""=1*116000"", null, ""=1*116000"", ""=1*116000"", null, null, null]","[null, 116000.0, null, 232000.0, null, 116000.0, null, 116000.0, 116000.0, null, null, null]"
1412000013,18.KDTVN 部品検査1課_MP FY2027_各予定(Ver01-OK).xlsx,51,5004086291,"áo dài tay C冬）ズボン
",12,"[""=165000*5+175000*5+39000*5+82000*5+84000*5"", ""=165000*5+175000*5+39000*5+82000*5+84000*5"", ""=165000*5+175000*5+39000*5+82000*5+84000*5"", ""=165000*5+175000*5+39000*5+82000*5+84000*5"", ""=165000*5+175000*5+39000*5+82000*5+84000*5"", ""=165000*5+175000*5+39000*5+82000*5+84000*5"", ""=165000*5+175000*5+39000*5+82000*5+84000*5"", ""=165000*5+175000*5+39000*5+82000*5+84000*5"", ""=165000*5+175000*5+39000*5+82000*5+84000*5"", ""=165000*5+175000*5+39000*5+82000*5+84000*5"", ""=165000*5+175000*5+39000*5+82000*5+84000*5"", ""=165000*5+175000*5+39000*5+82000*5+84000*5""]","[2725000.0, 2725000.0, 2725000.0, 2725000.0, 2725000.0, 2725000.0, 2725000.0, 2725000.0, 2725000.0, 2725000.0, 2725000.0, 2725000.0]"
1412000080,20.KDTVN 部品技術課_MP FY2027_各予定(Ver01).xlsx,78,5004086291,制服-新人 Đồng phục //CP tính từ 16 tháng trước đến 15 tháng hiện tại phân bổ vào tháng hiện tại//新人－8月－2名、12月－1名,2,"[null, null, null, null, ""=(165000*2+175000*2+116000*2+33500*2+82000)*2"", null, null, null, ""=165000*2+175000*2+116000*2+33500*2+82000"", null, null, null]","[null, null, null, null, 2122000.0, null, null, null, 1061000.0, null, null, null]"
1412000044,22.KDTVN 金型技術課_MP FY2027_各予定(Ver01).xlsx,105,5004086291,"制服（夏） Đồng phục ngắn tay 165,000",1,"[null, ""=165000*4"", null, null, null, null, null, null, null, null, null, null]","[null, 660000.0, null, null, null, null, null, null, null, null, null, null]"
1412000044,22.KDTVN 金型技術課_MP FY2027_各予定(Ver01).xlsx,106,5004086291,"制服ズボン Quần 116,000 (妊婦ズボン Quần bầu 124,500)",1,"[null, ""=116000*2"", null, null, null, null, null, null, null, null, null, null]","[null, 232000.0, null, null, null, null, null, null, null, null, null, null]"
1412000044,22.KDTVN 金型技術課_MP FY2027_各予定(Ver01).xlsx,107,5004086291,"制服（冬） Đồng phục dài tay 175,000 (10月)",1,"[null, null, null, null, null, null, ""=175000*4"", null, null, null, null, null]","[null, null, null, null, null, null, 700000.0, null, null, null, null, null]"
1412000056,23.KDTVN 部品製造課_MP FY2027_各予定(Ver01).xlsx,59,5004086291,Đồng phục đổi theo yêu cầu,12,"[""=165000*2+82000"", ""=165000*2+82000"", ""=165000*2+82000"", ""=165000*2+82000"", ""=165000*2+82000"", ""=165000*2+82000"", ""=165000*2+82000"", ""=165000*2+82000"", ""=165000*2+82000"", ""=165000*2+82000"", ""=165000*2+82000"", ""=165000*2+82000""]","[412000.0, 412000.0, 412000.0, 412000.0, 412000.0, 412000.0, 412000.0, 412000.0, 412000.0, 412000.0, 412000.0, 412000.0]"
1412000056,23.KDTVN 部品製造課_MP FY2027_各予定(Ver01).xlsx,62,5004086291,"制服・夏 165,000 VND Đồng phục hè (từ tháng 4 165,000)",4,"[null, null, null, null, null, ""=165000*2"", ""=165000*2"", ""=165000*2"", ""=165000*2"", null, null, null]","[null, null, null, null, null, 330000.0, 330000.0, 330000.0, 330000.0, null, null, null]"
1412000056,23.KDTVN 部品製造課_MP FY2027_各予定(Ver01).xlsx,63,5004086291,制服・ズボン 116000 VND Đồng phục quần,4,"[null, null, null, null, null, ""=116000*2"", ""=116000*2"", ""=116000*2"", ""=116000*2"", null, null, null]","[null, null, null, null, null, 232000.0, 232000.0, 232000.0, 232000.0, null, null, null]"
1412000056,23.KDTVN 部品製造課_MP FY2027_各予定(Ver01).xlsx,64,5004086291,"制服・冬 175,000VND Đồng phục đông  (từ tháng 4 175,000)",3,"[null, null, null, null, null, null, ""=175000*4"", ""=175000*2"", ""=175000*2"", null, null, null]","[null, null, null, null, null, null, 700000.0, 350000.0, 350000.0, null, null, null]"
1412000056,23.KDTVN 部品製造課_MP FY2027_各予定(Ver01).xlsx,67,5004086291,"倉庫人の制服(Polo シャーツー）139,000",0,"[null, null, null, null, null, null, null, null, null, null, null, null]","[null, null, null, null, null, null, null, null, null, null, null, null]"
1412000018,24.KDTVN 品質保証課_MP FY2027_各予定(Ver01).xlsx,202,5004086291,制服,3,"[""=((165000+175000+116000+33500)*2+84000)*2"", ""=(165000+116000+33500)*2+82000"", null, null, null, null, ""=175000*2"", null, null, null, null, null]","[2126000.0, 711000.0, null, null, null, null, 350000.0, null, null, null, null, null]"
1412000019,25.KDTVN 製品保証課_MP FY2027_各予定(Ver01).xlsx,84,5004086291,"Áo ngắn tay  制服・夏： 165,000Vnd 【1月-2月→2月に配布】",1,"[null, null, null, null, null, null, ""=165000*2"", null, null, null, null, null]","[null, null, null, null, null, null, 330000.0, null, null, null, null, null]"
1412000019,25.KDTVN 製品保証課_MP FY2027_各予定(Ver01).xlsx,85,5004086291,"Áo dài tay 制服・冬：175,000Vnd 【5月-10月→10月に配布】",1,"[null, null, null, null, null, null, ""=175000*2"", null, null, null, null, null]","[null, null, null, null, null, null, 350000.0, null, null, null, null, null]"
1412000019,25.KDTVN 製品保証課_MP FY2027_各予定(Ver01).xlsx,109,5004086291,制服,12,"[""=W109*$B$2"", ""=X109*$B$2"", ""=Y109*$B$2"", ""=Z109*$B$2"", ""=AA109*$B$2"", ""=AB109*$B$2"", ""=AC109*$B$2"", ""=AD109*$B$2"", ""=AE109*$B$2"", ""=AF109*$B$2"", ""=AG109*$B$2"", ""=AH109*$B$2""]","[656825.0, 656825.0, 656825.0, 656825.0, 656825.0, 656825.0, 656825.0, 656825.0, 656825.0, 656825.0, 656825.0, 656825.0]"
1412000058,26.KDTVN 第1資材課_MP FY2027_各予定(Ver01).xlsx,85,5004086291,"新入社員  制服（夏） Đồng phục ngắn tay (Hè) 165,000VND",0,"[null, null, null, null, null, null, null, null, null, null, null, null]","[null, null, null, null, null, null, null, null, null, null, null, null]"
1412000058,26.KDTVN 第1資材課_MP FY2027_各予定(Ver01).xlsx,86,5004086291,"新入社員  制服（冬） Đồng phục dài tay (Đông) 175000VND  , nv vào từ T5-T10 thì tiền đồng phục dài tay tính vào T10",0,"[null, null, null, null, null, null, null, null, null, null, null, null]","[null, null, null, null, null, null, null, null, null, null, null, null]"
1412000058,26.KDTVN 第1資材課_MP FY2027_各予定(Ver01).xlsx,87,5004086291,"新入社員  制服ズボン Quần 116,000 VND",0,"[null, null, null, null, null, null, null, null, null, null, null, null]","[null, null, null, null, null, null, null, null, null, null, null, null]"
1412000042,27.KDTVN 第2資材課_MP FY2027_各予定(Ver01).xlsx,85,5004086291,新入社員  制服（夏） Đồng phục ngắn tay (165k) tháng 4/2025 5 người,0,"[null, null, null, null, null, null, null, null, null, null, null, null]","[null, null, null, null, null, null, null, null, null, null, null, null]"
1412000042,27.KDTVN 第2資材課_MP FY2027_各予定(Ver01).xlsx,86,5004086291,新入社員  制服（冬） Đồng phục dài tay (175k) tháng 4/2025 5 người,0,"[null, null, null, null, null, null, null, null, null, null, null, null]","[null, null, null, null, null, null, null, null, null, null, null, null]"
1412000042,27.KDTVN 第2資材課_MP FY2027_各予定(Ver01).xlsx,87,5004086291,新入社員  制服ズボン Quần  VND,0,"[null, null, null, null, null, null, null, null, null, null, null, null]","[null, null, null, null, null, null, null, null, null, null, null, null]"
1412000022,29.KDTVN 資材管理課_MP FY2027_各予定(Ver01).xlsx,85,5004086291,制服（夏)  Đồng phục ngắn tay  ( phân bổ từ ngày 16 tháng trước đến ngày 15 tháng hiện tại vào tháng hiện tại),2,"[null, null, ""=165000*2"", null, null, null, ""=165000*2"", null, null, null, null, null]","[null, null, 330000.0, null, null, null, 330000.0, null, null, null, null, null]"
1412000022,29.KDTVN 資材管理課_MP FY2027_各予定(Ver01).xlsx,86,5004086291,制服（冬） Đồng phục dài tay (Đông)  ( phân bổ từ ngày 16 tháng trước đến ngày 15 tháng hiện tại vào tháng hiện tại),2,"[null, null, ""=175000*2"", null, null, null, ""=175000*2"", null, null, null, null, null]","[null, null, 350000.0, null, null, null, 350000.0, null, null, null, null, null]"
1412000022,29.KDTVN 資材管理課_MP FY2027_各予定(Ver01).xlsx,87,5004086291,制服ズボン Quần  VND,2,"[null, null, ""=116000*2"", null, null, null, ""=116000*2"", null, null, null, null, null]","[null, null, 232000.0, null, null, null, 232000.0, null, null, null, null, null]"
1412000063,38.KDTVN トナー製造管理課　_MP FY2027_各予定(Ver01).xlsx,51,5004086291,Đồng phục 制服,10,"[""=116000+82000"", ""=116000"", ""=116000+82000"", ""=116000"", ""=116000+82000"", ""=116000"", ""=116000+82000"", ""=116000"", ""=116000+82000"", ""=116000"", null, null]","[198000.0, 116000.0, 198000.0, 116000.0, 198000.0, 116000.0, 198000.0, 116000.0, 198000.0, 116000.0, null, null]"
1412000035,40.KDTVN 部品品質管理1課_MP FY2027_各予定(Ver01).xlsx,99,5004086291,制服：支給依頼者,12,"[365000, 365000, 365000, 365000, 365000, 365000, 365000, 365000, 365000, 365000, 365000, 365000]","[365000.0, 365000.0, 365000.0, 365000.0, 365000.0, 365000.0, 365000.0, 365000.0, 365000.0, 365000.0, 365000.0, 365000.0]"
1412000035,40.KDTVN 部品品質管理1課_MP FY2027_各予定(Ver01).xlsx,100,5004086291,"６月、新人２名の健康診断:166.250VND/人
6月，新人２名の制服:713.000VND/人",12,"[0, 0, 879250, 0, 0, 0, 0, 0, 0, 0, 0, 0]","[0.0, 0.0, 879250.0, 0.0, 0.0, 0.0, 0.0, 0.0, 0.0, 0.0, 0.0, 0.0]"
1412000016,42.KDTVN 生産技術1課_MP FY2027_各予定(Ver01).xlsx,84,5004086291,"áo dài tay 175,000 ",1,"[null, null, null, null, null, null, ""=175000*2"", null, null, null, null, null]","[null, null, null, null, null, null, 350000.0, null, null, null, null, null]"
1412000016,42.KDTVN 生産技術1課_MP FY2027_各予定(Ver01).xlsx,85,5004086291,"quần 制服ズボン  116,000VND",7,"[116000, ""=116000*2"", null, 116000, null, 116000, null, 116000, null, 116000, null, 116000]","[116000.0, 232000.0, null, 116000.0, null, 116000.0, null, 116000.0, null, 116000.0, null, 116000.0]"
1412000069,43.KDTVN 生産技術2課_MP FY2027_各予定(Ver01).xlsx,83,5004086291,"áo mùa hè 制服（夏） 165,000",6,"[null, ""=165000*2"", 165000, null, 165000, null, 165000, null, 165000, null, 165000, null]","[null, 330000.0, 165000.0, null, 165000.0, null, 165000.0, null, 165000.0, null, 165000.0, null]"
1412000069,43.KDTVN 生産技術2課_MP FY2027_各予定(Ver01).xlsx,84,5004086291,áo mùa đông 制服（冬） 175000,2,"[null, null, null, null, null, null, ""=2*175000"", null, 175000, null, null, null]","[null, null, null, null, null, null, 350000.0, null, 175000.0, null, null, null]"
1412000069,43.KDTVN 生産技術2課_MP FY2027_各予定(Ver01).xlsx,85,5004086291,"quần 制服ズボン  116,000",6,"[null, 116000, null, 116000, null, 116000, null, 116000, null, 116000, null, 116000]","[null, 116000.0, null, 116000.0, null, 116000.0, null, 116000.0, null, 116000.0, null, 116000.0]"
1412000070,44.KDTVN 第4資材課_MP FY2027_各予定(Ver01).xlsx,85,5004086291,"新入社員  制服（夏） Đồng phục ngắn tay (Hè) 165,000VND",0,"[null, null, null, null, null, null, null, null, null, null, null, null]","[null, null, null, null, null, null, null, null, null, null, null, null]"
1412000070,44.KDTVN 第4資材課_MP FY2027_各予定(Ver01).xlsx,86,5004086291,"新入社員  制服（冬） Đồng phục dài tay (Đông) 175000VND  , nv vào từ T5-T10 thì tiền đồng phục dài tay tính vào T10",0,"[null, null, null, null, null, null, null, null, null, null, null, null]","[null, null, null, null, null, null, null, null, null, null, null, null]"
1412000070,44.KDTVN 第4資材課_MP FY2027_各予定(Ver01).xlsx,87,5004086291,"新入社員  制服ズボン Quần 116,000 VND",0,"[null, null, null, null, null, null, null, null, null, null, null, null]","[null, null, null, null, null, null, null, null, null, null, null, null]"
1412000073,46.KDTVN 物流管理課_MP FY2027_各予定(Ver01).xlsx,64,5004086291,Chí phí phát sinh đổi đồng phục trong tháng,12,"[125000, 125000, 125000, 125000, 125000, 125000, 125000, 125000, 125000, 125000, 125000, 125000]","[125000.0, 125000.0, 125000.0, 125000.0, 125000.0, 125000.0, 125000.0, 125000.0, 125000.0, 125000.0, 125000.0, 125000.0]"
1412000073,46.KDTVN 物流管理課_MP FY2027_各予定(Ver01).xlsx,72,5004086291,制服（夏） Đồng phục ngắn tay ( khong yusen ),0,"[null, null, null, null, null, null, null, null, null, null, null, null]","[null, null, null, null, null, null, null, null, null, null, null, null]"
1412000073,46.KDTVN 物流管理課_MP FY2027_各予定(Ver01).xlsx,73,5004086291,"制服（冬 Đồng phục dài tay ( t10 sẽ phát cho
 người chưa có từ  T4-T10)",0,"[null, null, null, null, null, null, null, null, null, null, null, null]","[null, null, null, null, null, null, null, null, null, null, null, null]"
1412000073,46.KDTVN 物流管理課_MP FY2027_各予定(Ver01).xlsx,74,5004086291,制服ズボン Quần ( khong yusen ),0,"[null, null, null, null, null, null, null, null, null, null, null, null]","[null, null, null, null, null, null, null, null, null, null, null, null]"
1412000104,47.KDTVN 工程品質管理2課_MP FY2027_各予定(Ver01).xlsx,92,5004086291,"制服 ,靴, 帽子を交換する Đổi đồng phục",12,"[2500000, 2500000, 2500000, 2500000, 2500000, 2500000, 2500000, 2500000, 2500000, 2500000, 2500000, 2500000]","[2500000.0, 2500000.0, 2500000.0, 2500000.0, 2500000.0, 2500000.0, 2500000.0, 2500000.0, 2500000.0, 2500000.0, 2500000.0, 2500000.0]"
1412000057,49.KDTVN EI1課_MP FY2027_各予定(Ver01).xlsx,111,5004086291,新入社員　 制服上着(夏服)　       x2枚/人,12,"[0, 0, 0, 0, 990000, 0, 0, 0, 0, 0, 0, 0]","[0.0, 0.0, 0.0, 0.0, 990000.0, 0.0, 0.0, 0.0, 0.0, 0.0, 0.0, 0.0]"
1412000057,49.KDTVN EI1課_MP FY2027_各予定(Ver01).xlsx,112,5004086291,新入社員　制服上着(冬服)　        x2枚/人,12,"[0, 0, 0, 0, 0, 0, 1050000, 0, 0, 0, 0, 0]","[0.0, 0.0, 0.0, 0.0, 0.0, 0.0, 1050000.0, 0.0, 0.0, 0.0, 0.0, 0.0]"
1412000057,49.KDTVN EI1課_MP FY2027_各予定(Ver01).xlsx,113,5004086291,新入社員　 制服(ズボン)　 　x2枚/人,12,"[0, 0, 0, 0, 696000, 0, 0, 0, 0, 0, 0, 0]","[0.0, 0.0, 0.0, 0.0, 696000.0, 0.0, 0.0, 0.0, 0.0, 0.0, 0.0, 0.0]"
1412000057,49.KDTVN EI1課_MP FY2027_各予定(Ver01).xlsx,183,5004086291,制服上着（夏服）,12,"[0, 0, 0, 0, 0, 0, 0, 0, 0, 0, 0, 0]","[0.0, 0.0, 0.0, 0.0, 0.0, 0.0, 0.0, 0.0, 0.0, 0.0, 0.0, 0.0]"
1412000057,49.KDTVN EI1課_MP FY2027_各予定(Ver01).xlsx,184,5004086291,制服上着（冬服）,12,"[0, 0, 0, 0, 0, 0, 0, 0, 0, 0, 0, 0]","[0.0, 0.0, 0.0, 0.0, 0.0, 0.0, 0.0, 0.0, 0.0, 0.0, 0.0, 0.0]"
1412000057,49.KDTVN EI1課_MP FY2027_各予定(Ver01).xlsx,185,5004086291,制服ズボン,12,"[0, 0, 0, 0, 0, 0, 0, 0, 0, 0, 0, 0]","[0.0, 0.0, 0.0, 0.0, 0.0, 0.0, 0.0, 0.0, 0.0, 0.0, 0.0, 0.0]"
1412000078,50.KDTVN ESD1課_MP FY2027_各予定(Ver01).xlsx,111,5004086291,新入社員　 制服上着(夏服)　       x2枚/人,12,"[0, 0, 0, 0, 1320000, 0, 0, 0, 0, 0, 0, 0]","[0.0, 0.0, 0.0, 0.0, 1320000.0, 0.0, 0.0, 0.0, 0.0, 0.0, 0.0, 0.0]"
1412000078,50.KDTVN ESD1課_MP FY2027_各予定(Ver01).xlsx,112,5004086291,新入社員　制服上着(冬服)　        x2枚/人,12,"[0, 0, 0, 0, 0, 0, 1400000, 0, 0, 0, 0, 0]","[0.0, 0.0, 0.0, 0.0, 0.0, 0.0, 1400000.0, 0.0, 0.0, 0.0, 0.0, 0.0]"
1412000078,50.KDTVN ESD1課_MP FY2027_各予定(Ver01).xlsx,113,5004086291,新入社員　 制服(ズボン)　 　x2枚/人,12,"[0, 0, 0, 0, 928000, 0, 0, 0, 0, 0, 0, 0]","[0.0, 0.0, 0.0, 0.0, 928000.0, 0.0, 0.0, 0.0, 0.0, 0.0, 0.0, 0.0]"
1412000078,50.KDTVN ESD1課_MP FY2027_各予定(Ver01).xlsx,204,5004086291,制服上着（夏服）,12,"[330000, 0, 0, 0, 0, 0, 0, 0, 0, 0, 0, 0]","[330000.0, 0.0, 0.0, 0.0, 0.0, 0.0, 0.0, 0.0, 0.0, 0.0, 0.0, 0.0]"
1412000078,50.KDTVN ESD1課_MP FY2027_各予定(Ver01).xlsx,205,5004086291,制服上着（冬服）,12,"[350000, 0, 0, 0, 0, 0, 0, 0, 0, 0, 0, 0]","[350000.0, 0.0, 0.0, 0.0, 0.0, 0.0, 0.0, 0.0, 0.0, 0.0, 0.0, 0.0]"
1412000078,50.KDTVN ESD1課_MP FY2027_各予定(Ver01).xlsx,206,5004086291,制服ズボン,12,"[232000, 0, 0, 0, 0, 0, 0, 0, 0, 0, 0, 0]","[232000.0, 0.0, 0.0, 0.0, 0.0, 0.0, 0.0, 0.0, 0.0, 0.0, 0.0, 0.0]"
1412000078,50.KDTVN ESD1課_MP FY2027_各予定(Ver01).xlsx,244,5004086291,制服(夏)　x2枚 ,12,"[0, 0, 0, 0, 0, 0, 0, 0, 0, 0, 0, 0]","[0.0, 0.0, 0.0, 0.0, 0.0, 0.0, 0.0, 0.0, 0.0, 0.0, 0.0, 0.0]"
1412000078,50.KDTVN ESD1課_MP FY2027_各予定(Ver01).xlsx,245,5004086291,制服(ズボン)　x2枚,12,"[0, 0, 0, 0, 0, 0, 0, 0, 0, 0, 0, 0]","[0.0, 0.0, 0.0, 0.0, 0.0, 0.0, 0.0, 0.0, 0.0, 0.0, 0.0, 0.0]"
1412000078,50.KDTVN ESD1課_MP FY2027_各予定(Ver01).xlsx,247,5004086291,制服(冬)　x2枚,12,"[0, 0, 0, 0, 0, 0, 0, 0, 0, 0, 0, 0]","[0.0, 0.0, 0.0, 0.0, 0.0, 0.0, 0.0, 0.0, 0.0, 0.0, 0.0, 0.0]"
1412000081,52.KDTVN 機器製造３課_MP FY2027_各予定(Ver01).xlsx,102,5004086291,"制服 ,靴, 帽子が壊れた時に交換する。Đổi đồng phục",12,"[10000000, 10000000, 10000000, 10000000, 10000000, 10000000, 10000000, 10000000, 10000000, 10000000, 10000000, 10000000]","[10000000.0, 10000000.0, 10000000.0, 10000000.0, 10000000.0, 10000000.0, 10000000.0, 10000000.0, 10000000.0, 10000000.0, 10000000.0, 10000000.0]"
1412000081,52.KDTVN 機器製造３課_MP FY2027_各予定(Ver01).xlsx,122,5004086291,Đồng phục mới T4,0,"[null, null, null, null, null, null, null, null, null, null, null, null]","[null, null, null, null, null, null, null, null, null, null, null, null]"
1412000081,52.KDTVN 機器製造３課_MP FY2027_各予定(Ver01).xlsx,125,5004086291,"新人の 制服 (1月+2月: đông (666000), T5+6+7+8+9: hè(647000), T10+11+12+3+4: đông hè(932000)",12,"[0, 0, 0, 0, ""=128*713000"", 0, 0, 0, ""=50*1063000"", ""=99*733000"", ""=233*733000"", 0]","[0.0, 0.0, 0.0, 0.0, 91264000.0, 0.0, 0.0, 0.0, 53150000.0, 72567000.0, 170789000.0, 0.0]"
1412000083,53.KDTVN MD3課_MP FY2027_各予定(Ver01).xlsx,111,5004086291,新入社員　 制服上着(夏服)　       x2枚/人,12,"[0, 0, 0, 0, 0, 0, 0, 0, 0, 0, 0, 0]","[0.0, 0.0, 0.0, 0.0, 0.0, 0.0, 0.0, 0.0, 0.0, 0.0, 0.0, 0.0]"
1412000083,53.KDTVN MD3課_MP FY2027_各予定(Ver01).xlsx,112,5004086291,新入社員　制服上着(冬服)　        x2枚/人,12,"[0, 0, 0, 0, 0, 0, 0, 0, 0, 0, 0, 0]","[0.0, 0.0, 0.0, 0.0, 0.0, 0.0, 0.0, 0.0, 0.0, 0.0, 0.0, 0.0]"
1412000083,53.KDTVN MD3課_MP FY2027_各予定(Ver01).xlsx,113,5004086291,新入社員　 制服(ズボン)　 　x2枚/人,12,"[0, 0, 0, 0, 0, 0, 0, 0, 0, 0, 0, 0]","[0.0, 0.0, 0.0, 0.0, 0.0, 0.0, 0.0, 0.0, 0.0, 0.0, 0.0, 0.0]"
1412000083,53.KDTVN MD3課_MP FY2027_各予定(Ver01).xlsx,183,5004086291,制服上着（夏服）,12,"[0, 0, 0, 0, 0, 0, 0, 330000, 0, 0, 0, 0]","[0.0, 0.0, 0.0, 0.0, 0.0, 0.0, 0.0, 330000.0, 0.0, 0.0, 0.0, 0.0]"
1412000083,53.KDTVN MD3課_MP FY2027_各予定(Ver01).xlsx,184,5004086291,制服上着（冬服）,12,"[0, 0, 0, 0, 0, 0, 0, 350000, 0, 0, 0, 0]","[0.0, 0.0, 0.0, 0.0, 0.0, 0.0, 0.0, 350000.0, 0.0, 0.0, 0.0, 0.0]"
1412000083,53.KDTVN MD3課_MP FY2027_各予定(Ver01).xlsx,185,5004086291,制服ズボン,12,"[0, 0, 0, 0, 0, 0, 0, 232000, 0, 0, 0, 0]","[0.0, 0.0, 0.0, 0.0, 0.0, 0.0, 0.0, 232000.0, 0.0, 0.0, 0.0, 0.0]"
1412000084,54.KDTVN 生産技術3課_MP FY2027_各予定(Ver01).xlsx,85,5004086291,áo mùa hè 制服（夏）,2,"[null, null, null, ""=2*165000"", null, null, null, null, ""=1*165000"", null, null, null]","[null, null, null, 330000.0, null, null, null, null, 165000.0, null, null, null]"
1412000084,54.KDTVN 生産技術3課_MP FY2027_各予定(Ver01).xlsx,86,5004086291,áo mùa đông 制服（冬）,2,"[null, null, null, null, null, null, ""=2*175000"", null, null, null, ""=1*175000"", null]","[null, null, null, null, null, null, 350000.0, null, null, null, 175000.0, null]"
1412000084,54.KDTVN 生産技術3課_MP FY2027_各予定(Ver01).xlsx,87,5004086291,quần 制服ズボン,8,"[116000, null, 116000, ""=116000*2"", null, 116000, 116000, null, 116000, ""=116000*2"", null, 116000]","[116000.0, null, 116000.0, 232000.0, null, 116000.0, 116000.0, null, 116000.0, 232000.0, null, 116000.0]"
1412000087,55.KDTVN 部品製造管理課_MP FY2027_各予定(Ver01).xlsx,75,5004086291,"制服（夏） Đồng phục ngắn tay 133,000",0,"[null, null, null, null, null, null, null, null, null, null, null, null]","[null, null, null, null, null, null, null, null, null, null, null, null]"
1412000087,55.KDTVN 部品製造管理課_MP FY2027_各予定(Ver01).xlsx,76,5004086291,"制服ズボン Quần 116,000 (妊婦ズボン Quần bầu- mượn 127,204)",0,"[null, null, null, null, null, null, null, null, null, null, null, null]","[null, null, null, null, null, null, null, null, null, null, null, null]"
1412000087,55.KDTVN 部品製造管理課_MP FY2027_各予定(Ver01).xlsx,77,5004086291,"制服（冬） Đồng phục dài tay 142,500 (10月)",0,"[null, null, null, null, null, null, null, null, null, null, null, null]","[null, null, null, null, null, null, null, null, null, null, null, null]"
1412000088,56.KDTVN 品質管理課_MP FY2027_各予定(Ver01).xlsx,123,5004086291,Đồng phục theo yêu cầu,0,"[null, null, null, null, null, null, null, null, null, null, null, null]","[null, null, null, null, null, null, null, null, null, null, null, null]"
1412000088,56.KDTVN 品質管理課_MP FY2027_各予定(Ver01).xlsx,130,5004086291,"制服・夏 165,000 VND Đồng phục hè ",0,"[null, null, null, null, null, null, null, null, null, null, null, null]","[null, null, null, null, null, null, null, null, null, null, null, null]"
1412000088,56.KDTVN 品質管理課_MP FY2027_各予定(Ver01).xlsx,131,5004086291,"制服・ズボン 116,000 VND Đồng phục quần",0,"[null, null, null, null, null, null, null, null, null, null, null, null]","[null, null, null, null, null, null, null, null, null, null, null, null]"
1412000088,56.KDTVN 品質管理課_MP FY2027_各予定(Ver01).xlsx,133,5004086291,"制服・冬 175,000 VND Đồng phục đông ",0,"[null, null, null, null, null, null, null, null, null, null, null, null]","[null, null, null, null, null, null, null, null, null, null, null, null]"
1412000092,59.KDTVN 部品検査2課_MP FY2027_各予定(Ver01).xlsx,59,5004086291,"制服（冬）áo dài tay,áo mới : 175.000(tháng 10 phát cho người mới vào tháng 5/2025~)",12,"[""=175000*4"", ""=175000*4"", ""=175000*4"", ""=175000*6"", ""=175000*4"", ""=175000*4"", ""=175000*4"", ""=175000*4"", ""=175000*4"", ""=175000*4"", ""=175000*4"", ""=175000*4""]","[700000.0, 700000.0, 700000.0, 1050000.0, 700000.0, 700000.0, 700000.0, 700000.0, 700000.0, 700000.0, 700000.0, 700000.0]"
1412000092,59.KDTVN 部品検査2課_MP FY2027_各予定(Ver01).xlsx,60,5004086291,"制服(夏)Áo ngắn tay,áo mới : 165.000 


",12,"[""=165000*4"", ""=165000*4"", ""=165000*4"", ""=165000*4"", ""=165000*4"", ""=165000*4"", ""=165000*4"", ""=165000*4"", ""=165000*4"", ""=165000*4"", ""=165000*4"", ""=165000*4""]","[660000.0, 660000.0, 660000.0, 660000.0, 660000.0, 660000.0, 660000.0, 660000.0, 660000.0, 660000.0, 660000.0, 660000.0]"
1412000092,59.KDTVN 部品検査2課_MP FY2027_各予定(Ver01).xlsx,61,5004086291,"制服・ズボン,(116.000) quần ,quần bầu (124.500)",12,"[""=116000*2+124500"", ""=116000*2+124500"", ""=116000*2+124500"", ""=116000*4+124500"", ""=116000*2+124500"", ""=116000*2+124500"", ""=116000*2+124500"", ""=116000*2+124500"", ""=116000*2+124500"", ""=116000*2+124500"", ""=116000*2+124500"", ""=116000*2+124500""]","[356500.0, 356500.0, 356500.0, 588500.0, 356500.0, 356500.0, 356500.0, 356500.0, 356500.0, 356500.0, 356500.0, 356500.0]"
1412000094,61.KDTVN 部品在庫管理課_MP FY2027_各予定(Ver01).xlsx,60,5004086291,制服 ( đồng phục 2 áo+2 quần+ mũ+ giày) phân bổ từ 16 tháng trước đến 15 tháng hiện tại vào tháng hiện tại,1,"[""=33500+84000"", null, null, null, null, null, null, null, null, null, null, null]","[117500.0, null, null, null, null, null, null, null, null, null, null, null]"
1412000096,63.KDTVN ESD2課_MP FY2027_各予定(Ver01).xlsx,111,5004086291,新入社員　 制服上着(夏服)　       x2枚/人,12,"[0, 0, 0, 0, 0, 0, 0, 0, 0, 0, 0, 0]","[0.0, 0.0, 0.0, 0.0, 0.0, 0.0, 0.0, 0.0, 0.0, 0.0, 0.0, 0.0]"
1412000096,63.KDTVN ESD2課_MP FY2027_各予定(Ver01).xlsx,112,5004086291,新入社員　制服上着(冬服)　        x2枚/人,12,"[0, 0, 0, 0, 0, 0, 0, 0, 0, 0, 0, 0]","[0.0, 0.0, 0.0, 0.0, 0.0, 0.0, 0.0, 0.0, 0.0, 0.0, 0.0, 0.0]"
1412000096,63.KDTVN ESD2課_MP FY2027_各予定(Ver01).xlsx,113,5004086291,新入社員　 制服(ズボン)　 　x2枚/人,12,"[0, 0, 0, 0, 0, 0, 0, 0, 0, 0, 0, 0]","[0.0, 0.0, 0.0, 0.0, 0.0, 0.0, 0.0, 0.0, 0.0, 0.0, 0.0, 0.0]"
1412000096,63.KDTVN ESD2課_MP FY2027_各予定(Ver01).xlsx,183,5004086291,制服上着（夏服）,12,"[0, 0, 0, 0, 0, 0, 0, 0, 0, 0, 0, 0]","[0.0, 0.0, 0.0, 0.0, 0.0, 0.0, 0.0, 0.0, 0.0, 0.0, 0.0, 0.0]"
1412000096,63.KDTVN ESD2課_MP FY2027_各予定(Ver01).xlsx,184,5004086291,制服上着（冬服）,12,"[0, 0, 0, 0, 0, 0, 0, 0, 0, 0, 0, 0]","[0.0, 0.0, 0.0, 0.0, 0.0, 0.0, 0.0, 0.0, 0.0, 0.0, 0.0, 0.0]"
1412000096,63.KDTVN ESD2課_MP FY2027_各予定(Ver01).xlsx,185,5004086291,制服ズボン,12,"[0, 0, 0, 0, 0, 0, 0, 0, 0, 0, 0, 0]","[0.0, 0.0, 0.0, 0.0, 0.0, 0.0, 0.0, 0.0, 0.0, 0.0, 0.0, 0.0]"
1412000098,64.KDTVN 電工製造課_MP FY2027_各予定(Ver01).xlsx,74,5004086291,Đổi đồng phục 制服交換,12,"[831050, 831050, 831050, 831050, 831050, 831050, 831050, 831050, 831050, 831050, 831050, 831050]","[831050.0, 831050.0, 831050.0, 831050.0, 831050.0, 831050.0, 831050.0, 831050.0, 831050.0, 831050.0, 831050.0, 831050.0]"
1412000099,65.KDTVN MD4課_MP FY2027_各予定(Ver01).xlsx,111,5004086291,新入社員　 制服上着(夏服)　       x2枚/人,12,"[0, 0, 0, 0, 0, 0, 0, 0, 0, 0, 0, 0]","[0.0, 0.0, 0.0, 0.0, 0.0, 0.0, 0.0, 0.0, 0.0, 0.0, 0.0, 0.0]"
1412000099,65.KDTVN MD4課_MP FY2027_各予定(Ver01).xlsx,112,5004086291,新入社員　制服上着(冬服)　        x2枚/人,12,"[0, 0, 0, 0, 0, 0, 0, 0, 0, 0, 0, 0]","[0.0, 0.0, 0.0, 0.0, 0.0, 0.0, 0.0, 0.0, 0.0, 0.0, 0.0, 0.0]"
1412000099,65.KDTVN MD4課_MP FY2027_各予定(Ver01).xlsx,113,5004086291,新入社員　 制服(ズボン)　 　x2枚/人,12,"[0, 0, 0, 0, 0, 0, 0, 0, 0, 0, 0, 0]","[0.0, 0.0, 0.0, 0.0, 0.0, 0.0, 0.0, 0.0, 0.0, 0.0, 0.0, 0.0]"
1412000099,65.KDTVN MD4課_MP FY2027_各予定(Ver01).xlsx,181,5004086291,制服上着（夏服）,12,"[0, 0, 330000, 0, 0, 0, 0, 0, 0, 0, 0, 0]","[0.0, 0.0, 330000.0, 0.0, 0.0, 0.0, 0.0, 0.0, 0.0, 0.0, 0.0, 0.0]"
1412000099,65.KDTVN MD4課_MP FY2027_各予定(Ver01).xlsx,182,5004086291,制服上着（冬服）,12,"[0, 0, 350000, 0, 0, 0, 0, 0, 0, 0, 0, 0]","[0.0, 0.0, 350000.0, 0.0, 0.0, 0.0, 0.0, 0.0, 0.0, 0.0, 0.0, 0.0]"
1412000099,65.KDTVN MD4課_MP FY2027_各予定(Ver01).xlsx,183,5004086291,制服ズボン,12,"[0, 0, 232000, 0, 0, 0, 0, 0, 0, 0, 0, 0]","[0.0, 0.0, 232000.0, 0.0, 0.0, 0.0, 0.0, 0.0, 0.0, 0.0, 0.0, 0.0]"
1412000101,66.KDTVN EI2課_MP FY2027_各予定(Ver01).xlsx,111,5004086291,新入社員　 制服上着(夏服)　       x2枚/人,12,"[0, 0, 0, 0, 0, 0, 0, 0, 0, 0, 0, 0]","[0.0, 0.0, 0.0, 0.0, 0.0, 0.0, 0.0, 0.0, 0.0, 0.0, 0.0, 0.0]"
1412000101,66.KDTVN EI2課_MP FY2027_各予定(Ver01).xlsx,112,5004086291,新入社員　制服上着(冬服)　        x2枚/人,12,"[0, 0, 0, 0, 0, 0, 0, 0, 0, 0, 0, 0]","[0.0, 0.0, 0.0, 0.0, 0.0, 0.0, 0.0, 0.0, 0.0, 0.0, 0.0, 0.0]"
1412000101,66.KDTVN EI2課_MP FY2027_各予定(Ver01).xlsx,113,5004086291,新入社員　 制服(ズボン)　 　x2枚/人,12,"[0, 0, 0, 0, 0, 0, 0, 0, 0, 0, 0, 0]","[0.0, 0.0, 0.0, 0.0, 0.0, 0.0, 0.0, 0.0, 0.0, 0.0, 0.0, 0.0]"
1412000101,66.KDTVN EI2課_MP FY2027_各予定(Ver01).xlsx,183,5004086291,制服上着（夏服）,12,"[0, 0, 0, 0, 0, 0, 0, 0, 0, 0, 0, 0]","[0.0, 0.0, 0.0, 0.0, 0.0, 0.0, 0.0, 0.0, 0.0, 0.0, 0.0, 0.0]"
1412000101,66.KDTVN EI2課_MP FY2027_各予定(Ver01).xlsx,184,5004086291,制服上着（冬服）,12,"[0, 0, 0, 0, 0, 0, 0, 0, 0, 0, 0, 0]","[0.0, 0.0, 0.0, 0.0, 0.0, 0.0, 0.0, 0.0, 0.0, 0.0, 0.0, 0.0]"
1412000101,66.KDTVN EI2課_MP FY2027_各予定(Ver01).xlsx,185,5004086291,制服ズボン,12,"[0, 0, 0, 0, 0, 0, 0, 0, 0, 0, 0, 0]","[0.0, 0.0, 0.0, 0.0, 0.0, 0.0, 0.0, 0.0, 0.0, 0.0, 0.0, 0.0]"
1412000100,68.KDTVN MD5課_MP FY2027_各予定(Ver01).xlsx,111,5004086291,新入社員　 制服上着(夏服)　       x2枚/人,12,"[0, 0, 0, 0, 0, 0, 0, 0, 0, 0, 0, 0]","[0.0, 0.0, 0.0, 0.0, 0.0, 0.0, 0.0, 0.0, 0.0, 0.0, 0.0, 0.0]"
1412000100,68.KDTVN MD5課_MP FY2027_各予定(Ver01).xlsx,112,5004086291,新入社員　制服上着(冬服)　        x2枚/人,12,"[0, 0, 0, 0, 0, 0, 0, 0, 0, 0, 0, 0]","[0.0, 0.0, 0.0, 0.0, 0.0, 0.0, 0.0, 0.0, 0.0, 0.0, 0.0, 0.0]"
1412000100,68.KDTVN MD5課_MP FY2027_各予定(Ver01).xlsx,113,5004086291,新入社員　 制服(ズボン)　 　x2枚/人,12,"[0, 0, 0, 0, 0, 0, 0, 0, 0, 0, 0, 0]","[0.0, 0.0, 0.0, 0.0, 0.0, 0.0, 0.0, 0.0, 0.0, 0.0, 0.0, 0.0]"
1412000100,68.KDTVN MD5課_MP FY2027_各予定(Ver01).xlsx,184,5004086291,制服上着（夏服）,12,"[0, 0, 0, 0, 0, 0, 0, 0, 0, 0, 0, 0]","[0.0, 0.0, 0.0, 0.0, 0.0, 0.0, 0.0, 0.0, 0.0, 0.0, 0.0, 0.0]"
1412000100,68.KDTVN MD5課_MP FY2027_各予定(Ver01).xlsx,185,5004086291,制服上着（冬服）,12,"[0, 0, 0, 0, 0, 0, 0, 0, 0, 0, 0, 0]","[0.0, 0.0, 0.0, 0.0, 0.0, 0.0, 0.0, 0.0, 0.0, 0.0, 0.0, 0.0]"
1412000100,68.KDTVN MD5課_MP FY2027_各予定(Ver01).xlsx,186,5004086291,制服ズボン,12,"[0, 0, 0, 0, 0, 0, 0, 0, 0, 0, 0, 0]","[0.0, 0.0, 0.0, 0.0, 0.0, 0.0, 0.0, 0.0, 0.0, 0.0, 0.0, 0.0]"
1412000100,68.KDTVN MD5課_MP FY2027_各予定(Ver01).xlsx,266,5004086291,(月) 制服(夏)　x2枚 ,12,"[0, 0, 0, 0, 0, 0, 0, 0, 0, 0, 0, 0]","[0.0, 0.0, 0.0, 0.0, 0.0, 0.0, 0.0, 0.0, 0.0, 0.0, 0.0, 0.0]"
1412000100,68.KDTVN MD5課_MP FY2027_各予定(Ver01).xlsx,267,5004086291,2月制服(ズボン)　x2枚,12,"[0, 0, 0, 0, 0, 0, 0, 0, 0, 0, 0, 232000]","[0.0, 0.0, 0.0, 0.0, 0.0, 0.0, 0.0, 0.0, 0.0, 0.0, 0.0, 232000.0]"
1412000100,68.KDTVN MD5課_MP FY2027_各予定(Ver01).xlsx,269,5004086291,"(2月)  制服(冬)　x2枚 
",12,"[0, 0, 0, 0, 0, 0, 0, 0, 0, 0, 0, 350000]","[0.0, 0.0, 0.0, 0.0, 0.0, 0.0, 0.0, 0.0, 0.0, 0.0, 0.0, 350000.0]"
1412000103,69.KDTVN 部品管理2課_MP FY2027_各予定(Ver01).xlsx,136,5004086291,Đồng phục người mới,12,"[2877000, 1088500, 1088500, 1088500, 1088500, 0, 0, 1438500, 1438500, 1160500, 2877000, 1438500]","[2877000.0, 1088500.0, 1088500.0, 1088500.0, 1088500.0, 0.0, 0.0, 1438500.0, 1438500.0, 1160500.0, 2877000.0, 1438500.0]"
1412000103,69.KDTVN 部品管理2課_MP FY2027_各予定(Ver01).xlsx,137,5004086291,Chí phí phát sinh đổi đồng phục trong tháng　制服振替金額,12,"[6000000, 6000000, 6000000, 6000000, 6000000, 6000000, 6000000, 6000000, 6000000, 6000000, 6000000, 6000000]","[6000000.0, 6000000.0, 6000000.0, 6000000.0, 6000000.0, 6000000.0, 6000000.0, 6000000.0, 6000000.0, 6000000.0, 6000000.0, 6000000.0]"
1412000105,70.KDTVN 工程品質管理3課_MP FY2027_各予定(Ver01).xlsx,88,5004086291,"制服 ,靴, 帽子を交換する Đổi đồng phục",12,"[500000, 300000, 300000, 300000, 300000, 300000, 300000, 300000, 300000, 300000, 300000, 300000]","[500000.0, 300000.0, 300000.0, 300000.0, 300000.0, 300000.0, 300000.0, 300000.0, 300000.0, 300000.0, 300000.0, 300000.0]"
1412000075,71.KDTVN 工程品質管理4課_MP FY2027_各予定(Ver01).xlsx,67,5004086291,毎月：制服の交換 Chi phí đổi đồng phục ,12,"[200000, 200000, 200000, 200000, 200000, 200000, 200000, 200000, 200000, 200000, 200000, 200000]","[200000.0, 200000.0, 200000.0, 200000.0, 200000.0, 200000.0, 200000.0, 200000.0, 200000.0, 200000.0, 200000.0, 200000.0]"
1412000075,71.KDTVN 工程品質管理4課_MP FY2027_各予定(Ver01).xlsx,68,5004086291,chi phí cho ng mới: đồng phục và chi phí khám sức khỏe,1,"[null, 1240250, null, null, null, null, null, null, null, null, null, null]","[null, 1240250.0, null, null, null, null, null, null, null, null, null, null]"
1412000108,74.KDTVN 部品品質管理2課_MP FY2027_各予定(Ver01).xlsx,99,5004086291,制服：支給依頼者,12,"[365000, 365000, 365000, 365000, 365000, 365000, 365000, 365000, 365000, 365000, 365000, 365000]","[365000.0, 365000.0, 365000.0, 365000.0, 365000.0, 365000.0, 365000.0, 365000.0, 365000.0, 365000.0, 365000.0, 365000.0]"
1412000108,74.KDTVN 部品品質管理2課_MP FY2027_各予定(Ver01).xlsx,100,5004086291,"６月、新人２名の健康診断:166.250VND/人
6月，新人２名の制服:713.000VND/人",12,"[0, 0, 879250, 0, 0, 0, 0, 0, 0, 0, 0, 0]","[0.0, 0.0, 879250.0, 0.0, 0.0, 0.0, 0.0, 0.0, 0.0, 0.0, 0.0, 0.0]"
